Workbook

Sheet merge
A1: 장소ID | B1: 관광지명 | C1: 장소명 | D1: 지역 | E1: 도로명주소 | F1: 실내구분 | G1: 카테고리 | H1: 카테고리코드 | I1: 카테고리명 | J1: 운영시간 (휴무일 포함) | K1: 전화번호 | L1: 홈페이지 | M1: 평점 | N1: 평점건수 | O1: 리뷰수 | P1: 최소 금액 (Min/1인) | Q1: 최대 금액 (Max/1인) | R1: 비고 (산출 근거) | S1: 상세URL | T1: 경도 | U1: 위도
A2: 581024580 | B2: 2018 평창 동계올림픽대회 및 동계패럴림픽대회 기념관 | C2: =VLOOKUP(A2,budget!$A$5:$I$337,3,FALSE) -> 2018평창동계올림픽대회 및 동계패럴림픽대회기념관 | D2: =VLOOKUP(B2,api!$A$2:$R$334,2,FALSE) -> 평창군 | E2: =VLOOKUP(B2,api!$A$2:$R$334,12,FALSE) -> 강원특별자치도 평창군 대관령면 횡계리 725 | F2: 실내 | G2: =VLOOKUP(A2,budget!$A$5:$I$337,4,FALSE) -> 국공립 박물관/기념관 | H2: CT1 | I2: 문화시설 | J2: =VLOOKUP(A2,budget!$A$5:$I$337,5,FALSE) -> 09:00 - 18:00 (월요일 휴무) | K2: =VLOOKUP(B2,api!$A$2:$R$334,14,FALSE) -> 033-330-5280 | L2: =VLOOKUP(B2,api!$A$2:$R$334,4,FALSE) -> https://pom2018.org/ | M2: =VLOOKUP(B2,api!$A$2:$R$334,5,FALSE) -> 4.7 | N2: =VLOOKUP(B2,api!$A$2:$R$334,6,FALSE) -> 27 | O2: =VLOOKUP(B2,api!$A$2:$R$334,7,FALSE) -> 173 | P2: =VLOOKUP(A2,budget!$A$5:$I$337,6,FALSE) -> 0 | Q2: =VLOOKUP(A2,budget!$A$5:$I$337,7,FALSE) -> 3000 | R2: =VLOOKUP(A2,budget!$A$5:$I$337,8,FALSE) -> 국공립 시설 무료 관람 또는 대인 기준 정가 | S2: =VLOOKUP(A2,budget!$A$5:$I$337,9,FALSE) -> http://place.map.kakao.com/581024580 | T2: =VLOOKUP(B2,api!$A$2:$R$334,17,FALSE) -> 128.70672 | U2: =VLOOKUP(B2,api!$A$2:$R$334,18,FALSE) -> 37.666839
A3: 25045748 | B3: 365세이프타운 | C3: =VLOOKUP(A3,budget!$A$5:$I$337,3,FALSE) -> 365세이프타운 | D3: =VLOOKUP(B3,api!$A$2:$R$334,2,FALSE) -> 태백시 | E3: =VLOOKUP(B3,api!$A$2:$R$334,12,FALSE) -> 강원특별자치도 태백시 장성동 31-2 | F3: 실내 | G3: =VLOOKUP(A3,budget!$A$5:$I$337,4,FALSE) -> 테마파크/민간관광지 | H3: AT4 | I3: 관광명소 | J3: =VLOOKUP(A3,budget!$A$5:$I$337,5,FALSE) -> 09:00 - 18:00 (월요일 휴무) | K3: =VLOOKUP(B3,api!$A$2:$R$334,14,FALSE) -> 033-550-3101 | L3: =VLOOKUP(B3,api!$A$2:$R$334,4,FALSE) -> http://www.taebaek.go.kr/365safetown/index.do | M3: =VLOOKUP(B3,api!$A$2:$R$334,5,FALSE) -> 4.5 | N3: =VLOOKUP(B3,api!$A$2:$R$334,6,FALSE) -> 37 | O3: =VLOOKUP(B3,api!$A$2:$R$334,7,FALSE) -> 163 | P3: =VLOOKUP(A3,budget!$A$5:$I$337,6,FALSE) -> 8000 | Q3: =VLOOKUP(A3,budget!$A$5:$I$337,7,FALSE) -> 20000 | R3: =VLOOKUP(A3,budget!$A$5:$I$337,8,FALSE) -> 대인 정상 입장료 기준 (할인혜택/통합권 따라 변동) | S3: =VLOOKUP(A3,budget!$A$5:$I$337,9,FALSE) -> http://place.map.kakao.com/25045748 | T3: =VLOOKUP(B3,api!$A$2:$R$334,17,FALSE) -> 129.02461 | U3: =VLOOKUP(B3,api!$A$2:$R$334,18,FALSE) -> 37.100491
A4: 1310990190 | B4: BTS버스정류장 | C4: =VLOOKUP(A4,budget!$A$5:$I$337,3,FALSE) -> BTS 버스정류장 | D4: =VLOOKUP(B4,api!$A$2:$R$334,2,FALSE) -> 강릉시 | E4: =VLOOKUP(B4,api!$A$2:$R$334,12,FALSE) -> 강원특별자치도 강릉시 주문진읍 향호리 8-39 | F4: 실외 | G4: =VLOOKUP(A4,budget!$A$5:$I$337,4,FALSE) -> 자연경관/자유관광지 | J4: =VLOOKUP(A4,budget!$A$5:$I$337,5,FALSE) -> 상시 개방 | K4: =VLOOKUP(B4,api!$A$2:$R$334,14,FALSE) -> 0 | L4: =VLOOKUP(B4,api!$A$2:$R$334,4,FALSE) -> https://www.gn.go.kr/tour/index.do | M4: =VLOOKUP(B4,api!$A$2:$R$334,5,FALSE) -> 4.3 | N4: =VLOOKUP(B4,api!$A$2:$R$334,6,FALSE) -> 63 | O4: =VLOOKUP(B4,api!$A$2:$R$334,7,FALSE) -> 113 | P4: =VLOOKUP(A4,budget!$A$5:$I$337,6,FALSE) -> 0 | Q4: =VLOOKUP(A4,budget!$A$5:$I$337,7,FALSE) -> 0 | R4: =VLOOKUP(A4,budget!$A$5:$I$337,8,FALSE) -> 상시 무료 관람 (식음료 및 개인소모품비 제외) | S4: =VLOOKUP(A4,budget!$A$5:$I$337,9,FALSE) -> http://place.map.kakao.com/1310990190 | T4: =VLOOKUP(B4,api!$A$2:$R$334,17,FALSE) -> 128.8171 | U4: =VLOOKUP(B4,api!$A$2:$R$334,18,FALSE) -> 37.912407
A5: 23794385 | B5: DMZ박물관 | C5: =VLOOKUP(A5,budget!$A$5:$I$337,3,FALSE) -> DMZ박물관 | D5: =VLOOKUP(B5,api!$A$2:$R$334,2,FALSE) -> 고성군 | E5: =VLOOKUP(B5,api!$A$2:$R$334,12,FALSE) -> 강원특별자치도 고성군 현내면 송현리 212 | F5: 실내 | G5: =VLOOKUP(A5,budget!$A$5:$I$337,4,FALSE) -> 문화/전람/동굴/전망시설 | H5: CT1 | I5: 문화시설 | J5: =VLOOKUP(A5,budget!$A$5:$I$337,5,FALSE) -> 09:00 - 18:00 (입장마감 17:00, 월요일 휴무) | K5: =VLOOKUP(B5,api!$A$2:$R$334,14,FALSE) -> 033-681-0625 | L5: =VLOOKUP(B5,api!$A$2:$R$334,4,FALSE) -> https://www.dmzmuseum.com | M5: =VLOOKUP(B5,api!$A$2:$R$334,5,FALSE) -> 4.5 | N5: =VLOOKUP(B5,api!$A$2:$R$334,6,FALSE) -> 56 | O5: =VLOOKUP(B5,api!$A$2:$R$334,7,FALSE) -> 214 | P5: =VLOOKUP(A5,budget!$A$5:$I$337,6,FALSE) -> 2000 | Q5: =VLOOKUP(A5,budget!$A$5:$I$337,7,FALSE) -> 10000 | R5: =VLOOKUP(A5,budget!$A$5:$I$337,8,FALSE) -> 대인 관람료 및 전망대/스카이워크 이용료 기준 | S5: =VLOOKUP(A5,budget!$A$5:$I$337,9,FALSE) -> http://place.map.kakao.com/23794385 | T5: =VLOOKUP(B5,api!$A$2:$R$334,17,FALSE) -> 128.38257 | U5: =VLOOKUP(B5,api!$A$2:$R$334,18,FALSE) -> 38.576256
A6: 1389012423 | B6: DMZ생태평화공원 | C6: =VLOOKUP(A6,budget!$A$5:$I$337,3,FALSE) -> 철원DMZ생태평화공원 | D6: =VLOOKUP(B6,api!$A$2:$R$334,2,FALSE) -> 철원군 | E6: =VLOOKUP(B6,api!$A$2:$R$334,12,FALSE) -> 강원특별자치도 철원군 김화읍 생창리 85-7 | F6: 실외 | G6: =VLOOKUP(A6,budget!$A$5:$I$337,4,FALSE) -> 자연경관/자유관광지 | J6: =VLOOKUP(A6,budget!$A$5:$I$337,5,FALSE) -> 24시간 연중무휴 (자유 방문) | K6: =VLOOKUP(B6,api!$A$2:$R$334,14,FALSE) -> 033-458-3633 | L6: =VLOOKUP(B6,api!$A$2:$R$334,4,FALSE) -> 0 | M6: =VLOOKUP(B6,api!$A$2:$R$334,5,FALSE) -> 4.3 | N6: =VLOOKUP(B6,api!$A$2:$R$334,6,FALSE) -> 6 | O6: =VLOOKUP(B6,api!$A$2:$R$334,7,FALSE) -> 21 | P6: =VLOOKUP(A6,budget!$A$5:$I$337,6,FALSE) -> 0 | Q6: =VLOOKUP(A6,budget!$A$5:$I$337,7,FALSE) -> 0 | R6: =VLOOKUP(A6,budget!$A$5:$I$337,8,FALSE) -> 상시 무료 관람 (식음료 및 개인소모품비 제외) | S6: =VLOOKUP(A6,budget!$A$5:$I$337,9,FALSE) -> http://place.map.kakao.com/1389012423 | T6: =VLOOKUP(B6,api!$A$2:$R$334,17,FALSE) -> 127.45124 | U6: =VLOOKUP(B6,api!$A$2:$R$334,18,FALSE) -> 38.281017
A7: 8121115 | B7: 가령폭포 | C7: =VLOOKUP(A7,budget!$A$5:$I$337,3,FALSE) -> 가령폭포 | D7: =VLOOKUP(B7,api!$A$2:$R$334,2,FALSE) -> 홍천군 | E7: =VLOOKUP(B7,api!$A$2:$R$334,12,FALSE) -> 강원특별자치도 홍천군 내촌면 와야리 | F7: 실외 | G7: =VLOOKUP(A7,budget!$A$5:$I$337,4,FALSE) -> 자연경관/자유관광지 | J7: =VLOOKUP(A7,budget!$A$5:$I$337,5,FALSE) -> 24시간 연중무휴 (자유 방문) | K7: =VLOOKUP(B7,api!$A$2:$R$334,14,FALSE) -> 033-433-3003 | L7: =VLOOKUP(B7,api!$A$2:$R$334,4,FALSE) -> https://www.hongcheon.go.kr/ | M7: =VLOOKUP(B7,api!$A$2:$R$334,5,FALSE) -> 5 | N7: =VLOOKUP(B7,api!$A$2:$R$334,6,FALSE) -> 9 | O7: =VLOOKUP(B7,api!$A$2:$R$334,7,FALSE) -> 27 | P7: =VLOOKUP(A7,budget!$A$5:$I$337,6,FALSE) -> 0 | Q7: =VLOOKUP(A7,budget!$A$5:$I$337,7,FALSE) -> 0 | R7: =VLOOKUP(A7,budget!$A$5:$I$337,8,FALSE) -> 상시 무료 관람 (식음료 및 개인소모품비 제외) | S7: =VLOOKUP(A7,budget!$A$5:$I$337,9,FALSE) -> http://place.map.kakao.com/8121115 | T7: =VLOOKUP(B7,api!$A$2:$R$334,17,FALSE) -> 128.16057 | U7: =VLOOKUP(B7,api!$A$2:$R$334,18,FALSE) -> 37.831651
A8: 26916317 | B8: 가리산레포츠파크 | C8: =VLOOKUP(A8,budget!$A$5:$I$337,3,FALSE) -> 가리산레포츠파크 | D8: =VLOOKUP(B8,api!$A$2:$R$334,2,FALSE) -> 홍천군 | E8: =VLOOKUP(B8,api!$A$2:$R$334,12,FALSE) -> 강원특별자치도 홍천군 두촌면 천현리 776 | F8: 실외 | G8: =VLOOKUP(A8,budget!$A$5:$I$337,4,FALSE) -> 자연경관/자유관광지 | J8: =VLOOKUP(A8,budget!$A$5:$I$337,5,FALSE) -> 24시간 연중무휴 (자유 방문) | K8: =VLOOKUP(B8,api!$A$2:$R$334,14,FALSE) -> 070-8831-8138 | L8: =VLOOKUP(B8,api!$A$2:$R$334,4,FALSE) -> https://www.hongcheon.go.kr/tour/contents.do?key=1892 | M8: =VLOOKUP(B8,api!$A$2:$R$334,5,FALSE) -> 0 | N8: =VLOOKUP(B8,api!$A$2:$R$334,6,FALSE) -> 30 | O8: =VLOOKUP(B8,api!$A$2:$R$334,7,FALSE) -> 86 | P8: =VLOOKUP(A8,budget!$A$5:$I$337,6,FALSE) -> 0 | Q8: =VLOOKUP(A8,budget!$A$5:$I$337,7,FALSE) -> 0 | R8: =VLOOKUP(A8,budget!$A$5:$I$337,8,FALSE) -> 상시 무료 관람 (식음료 및 개인소모품비 제외) | S8: =VLOOKUP(A8,budget!$A$5:$I$337,9,FALSE) -> http://place.map.kakao.com/26916317 | T8: =VLOOKUP(B8,api!$A$2:$R$334,17,FALSE) -> 127.98115 | U8: =VLOOKUP(B8,api!$A$2:$R$334,18,FALSE) -> 37.865638
A9: 26979861 | B9: 강릉선교장 | C9: =VLOOKUP(A9,budget!$A$5:$I$337,3,FALSE) -> 강릉선교장 | D9: =VLOOKUP(B9,api!$A$2:$R$334,2,FALSE) -> 강릉시 | E9: =VLOOKUP(B9,api!$A$2:$R$334,12,FALSE) -> 강원특별자치도 강릉시 운정동 431 | F9: 실외 | G9: =VLOOKUP(A9,budget!$A$5:$I$337,4,FALSE) -> 자연경관/자유관광지 | J9: =VLOOKUP(A9,budget!$A$5:$I$337,5,FALSE) -> 상시 개방 | K9: =VLOOKUP(B9,api!$A$2:$R$334,14,FALSE) -> 033-646-3270 | L9: =VLOOKUP(B9,api!$A$2:$R$334,4,FALSE) -> https://knsgj.net/ | M9: =VLOOKUP(B9,api!$A$2:$R$334,5,FALSE) -> 3.4 | N9: =VLOOKUP(B9,api!$A$2:$R$334,6,FALSE) -> 102 | O9: =VLOOKUP(B9,api!$A$2:$R$334,7,FALSE) -> 361 | P9: =VLOOKUP(A9,budget!$A$5:$I$337,6,FALSE) -> 0 | Q9: =VLOOKUP(A9,budget!$A$5:$I$337,7,FALSE) -> 0 | R9: =VLOOKUP(A9,budget!$A$5:$I$337,8,FALSE) -> 상시 무료 관람 (식음료 및 개인소모품비 제외) | S9: =VLOOKUP(A9,budget!$A$5:$I$337,9,FALSE) -> http://place.map.kakao.com/26979861 | T9: =VLOOKUP(B9,api!$A$2:$R$334,17,FALSE) -> 128.88517 | U9: =VLOOKUP(B9,api!$A$2:$R$334,18,FALSE) -> 37.786643
A10: 25856200 | B10: 강릉솔향수목원 | C10: =VLOOKUP(A10,budget!$A$5:$I$337,3,FALSE) -> 강릉솔향수목원 | D10: =VLOOKUP(B10,api!$A$2:$R$334,2,FALSE) -> 강릉시 | E10: =VLOOKUP(B10,api!$A$2:$R$334,12,FALSE) -> 강원특별자치도 강릉시 구정면 구정리 산 147-1 | F10: 실외 | G10: =VLOOKUP(A10,budget!$A$5:$I$337,4,FALSE) -> 휴양림/수목원 | H10: AT4 | I10: 관광명소 | J10: =VLOOKUP(A10,budget!$A$5:$I$337,5,FALSE) -> 09:00 - 18:00 (하절기) / 09:00 - 17:00 (동절기) | K10: =VLOOKUP(B10,api!$A$2:$R$334,14,FALSE) -> 033-660-2322 | L10: =VLOOKUP(B10,api!$A$2:$R$334,4,FALSE) -> http://www.gn.go.kr/solhyang/index.do | M10: =VLOOKUP(B10,api!$A$2:$R$334,5,FALSE) -> 4.7 | N10: =VLOOKUP(B10,api!$A$2:$R$334,6,FALSE) -> 86 | O10: =VLOOKUP(B10,api!$A$2:$R$334,7,FALSE) -> 254 | P10: =VLOOKUP(A10,budget!$A$5:$I$337,6,FALSE) -> 1000 | Q10: =VLOOKUP(A10,budget!$A$5:$I$337,7,FALSE) -> 5000 | R10: =VLOOKUP(A10,budget!$A$5:$I$337,8,FALSE) -> 국공립/민간 휴양림 입장료 기준 (숙박/체험비 제외) | S10: =VLOOKUP(A10,budget!$A$5:$I$337,9,FALSE) -> http://place.map.kakao.com/25856200 | T10: =VLOOKUP(B10,api!$A$2:$R$334,17,FALSE) -> 128.86147 | U10: =VLOOKUP(B10,api!$A$2:$R$334,18,FALSE) -> 37.697803
A11: 7960891 | B11: 강릉송정해변 | C11: =VLOOKUP(A11,budget!$A$5:$I$337,3,FALSE) -> 송정해변 | D11: =VLOOKUP(B11,api!$A$2:$R$334,2,FALSE) -> 강릉시 | E11: =VLOOKUP(B11,api!$A$2:$R$334,12,FALSE) -> 강원특별자치도 강릉시 송정동 산 1-4 | F11: 실외 | G11: =VLOOKUP(A11,budget!$A$5:$I$337,4,FALSE) -> 자연경관/자유관광지 | H11: AT4 | I11: 관광명소 | J11: =VLOOKUP(A11,budget!$A$5:$I$337,5,FALSE) -> 24시간 연중무휴 (자유 방문) | K11: =VLOOKUP(B11,api!$A$2:$R$334,14,FALSE) -> 033-660-3887 | L11: =VLOOKUP(B11,api!$A$2:$R$334,4,FALSE) -> https://www.gn.go.kr/tour/prog/lod/Sights/S01/sub02_02_01/view.do?cid=437 | M11: =VLOOKUP(B11,api!$A$2:$R$334,5,FALSE) -> 4.5 | N11: =VLOOKUP(B11,api!$A$2:$R$334,6,FALSE) -> 99 | O11: =VLOOKUP(B11,api!$A$2:$R$334,7,FALSE) -> 5 | P11: =VLOOKUP(A11,budget!$A$5:$I$337,6,FALSE) -> 0 | Q11: =VLOOKUP(A11,budget!$A$5:$I$337,7,FALSE) -> 0 | R11: =VLOOKUP(A11,budget!$A$5:$I$337,8,FALSE) -> 상시 무료 관람 (식음료 및 개인소모품비 제외) | S11: =VLOOKUP(A11,budget!$A$5:$I$337,9,FALSE) -> http://place.map.kakao.com/7960891 | T11: =VLOOKUP(B11,api!$A$2:$R$334,17,FALSE) -> 128.9378 | U11: =VLOOKUP(B11,api!$A$2:$R$334,18,FALSE) -> 37.779829
A12: 937891746 | B12: 강릉안반데기관광농원 | C12: =VLOOKUP(A12,budget!$A$5:$I$337,3,FALSE) -> 강릉안반데기관광농원 | D12: =VLOOKUP(B12,api!$A$2:$R$334,2,FALSE) -> 강릉시 | E12: =VLOOKUP(B12,api!$A$2:$R$334,12,FALSE) -> 강원특별자치도 강릉시 왕산면 대기리 2214-207 | F12: 실외 | G12: =VLOOKUP(A12,budget!$A$5:$I$337,4,FALSE) -> 자연경관/자유관광지 | H12: AT4 | I12: 관광명소 | J12: =VLOOKUP(A12,budget!$A$5:$I$337,5,FALSE) -> 상시 개방 | K12: =VLOOKUP(B12,api!$A$2:$R$334,14,FALSE) -> 033-644-8552 | L12: =VLOOKUP(B12,api!$A$2:$R$334,4,FALSE) -> https://blog.naver.com/sanai4744 | M12: =VLOOKUP(B12,api!$A$2:$R$334,5,FALSE) -> 3.6 | N12: =VLOOKUP(B12,api!$A$2:$R$334,6,FALSE) -> 9 | O12: =VLOOKUP(B12,api!$A$2:$R$334,7,FALSE) -> 59 | P12: =VLOOKUP(A12,budget!$A$5:$I$337,6,FALSE) -> 0 | Q12: =VLOOKUP(A12,budget!$A$5:$I$337,7,FALSE) -> 0 | R12: =VLOOKUP(A12,budget!$A$5:$I$337,8,FALSE) -> 상시 무료 관람 (식음료 및 개인소모품비 제외) | S12: =VLOOKUP(A12,budget!$A$5:$I$337,9,FALSE) -> http://place.map.kakao.com/937891746 | T12: =VLOOKUP(B12,api!$A$2:$R$334,17,FALSE) -> 128.74003 | U12: =VLOOKUP(B12,api!$A$2:$R$334,18,FALSE) -> 37.608742
A13: 2058461010 | B13: 강릉월화거리 | C13: =VLOOKUP(A13,budget!$A$5:$I$337,3,FALSE) -> 강릉월화거리 | D13: =VLOOKUP(B13,api!$A$2:$R$334,2,FALSE) -> 강릉시 | E13: =VLOOKUP(B13,api!$A$2:$R$334,12,FALSE) -> 강원특별자치도 강릉시 임당동 106-1 | F13: 실외 | G13: =VLOOKUP(A13,budget!$A$5:$I$337,4,FALSE) -> 자연경관/자유관광지 | H13: AT4 | I13: 관광명소 | J13: =VLOOKUP(A13,budget!$A$5:$I$337,5,FALSE) -> 24시간 연중무휴 (자유 방문) | K13: =VLOOKUP(B13,api!$A$2:$R$334,14,FALSE) -> 0 | L13: =VLOOKUP(B13,api!$A$2:$R$334,4,FALSE) -> https://www.gn.go.kr/tour/prog/lod/Sights/S03/sub02_04_01/view.do?cid=256422 | M13: =VLOOKUP(B13,api!$A$2:$R$334,5,FALSE) -> 3.9 | N13: =VLOOKUP(B13,api!$A$2:$R$334,6,FALSE) -> 55 | O13: =VLOOKUP(B13,api!$A$2:$R$334,7,FALSE) -> 219 | P13: =VLOOKUP(A13,budget!$A$5:$I$337,6,FALSE) -> 0 | Q13: =VLOOKUP(A13,budget!$A$5:$I$337,7,FALSE) -> 0 | R13: =VLOOKUP(A13,budget!$A$5:$I$337,8,FALSE) -> 상시 무료 관람 (식음료 및 개인소모품비 제외) | S13: =VLOOKUP(A13,budget!$A$5:$I$337,9,FALSE) -> http://place.map.kakao.com/2058461010 | T13: =VLOOKUP(B13,api!$A$2:$R$334,17,FALSE) -> 128.8975 | U13: =VLOOKUP(B13,api!$A$2:$R$334,18,FALSE) -> 37.75591
A14: 18525909 | B14: 강릉중앙시장 | C14: =VLOOKUP(A14,budget!$A$5:$I$337,3,FALSE) -> 강릉중앙시장 | D14: =VLOOKUP(B14,api!$A$2:$R$334,2,FALSE) -> 강릉시 | E14: =VLOOKUP(B14,api!$A$2:$R$334,12,FALSE) -> 강원특별자치도 강릉시 성남동 50 | F14: 실외 | G14: =VLOOKUP(A14,budget!$A$5:$I$337,4,FALSE) -> 자연경관/자유관광지 | J14: =VLOOKUP(A14,budget!$A$5:$I$337,5,FALSE) -> 24시간 연중무휴 (자유 방문) | K14: =VLOOKUP(B14,api!$A$2:$R$334,14,FALSE) -> 033-648-2285 | L14: =VLOOKUP(B14,api!$A$2:$R$334,4,FALSE) -> https://www.gn.go.kr/tour/index.do | M14: =VLOOKUP(B14,api!$A$2:$R$334,5,FALSE) -> 3.9 | N14: =VLOOKUP(B14,api!$A$2:$R$334,6,FALSE) -> 577 | O14: =VLOOKUP(B14,api!$A$2:$R$334,7,FALSE) -> 206 | P14: =VLOOKUP(A14,budget!$A$5:$I$337,6,FALSE) -> 0 | Q14: =VLOOKUP(A14,budget!$A$5:$I$337,7,FALSE) -> 0 | R14: =VLOOKUP(A14,budget!$A$5:$I$337,8,FALSE) -> 상시 무료 관람 (식음료 및 개인소모품비 제외) | S14: =VLOOKUP(A14,budget!$A$5:$I$337,9,FALSE) -> http://place.map.kakao.com/18525909 | T14: =VLOOKUP(B14,api!$A$2:$R$334,17,FALSE) -> 128.89862 | U14: =VLOOKUP(B14,api!$A$2:$R$334,18,FALSE) -> 37.754025
A15: 14862993 | B15: 강릉카페거리 | C15: =VLOOKUP(A15,budget!$A$5:$I$337,3,FALSE) -> 강릉카페거리 | D15: =VLOOKUP(B15,api!$A$2:$R$334,2,FALSE) -> 강릉시 | E15: =VLOOKUP(B15,api!$A$2:$R$334,12,FALSE) -> 강원특별자치도 강릉시 견소동 287-90 | F15: 실외 | G15: =VLOOKUP(A15,budget!$A$5:$I$337,4,FALSE) -> 자연경관/자유관광지 | H15: AT4 | I15: 관광명소 | J15: =VLOOKUP(A15,budget!$A$5:$I$337,5,FALSE) -> 24시간 연중무휴 (자유 방문) | K15: =VLOOKUP(B15,api!$A$2:$R$334,14,FALSE) -> 0 | L15: =VLOOKUP(B15,api!$A$2:$R$334,4,FALSE) -> https://ggcoffeestreet.modoo.at/ | M15: =VLOOKUP(B15,api!$A$2:$R$334,5,FALSE) -> 4 | N15: =VLOOKUP(B15,api!$A$2:$R$334,6,FALSE) -> 94 | O15: =VLOOKUP(B15,api!$A$2:$R$334,7,FALSE) -> 183 | P15: =VLOOKUP(A15,budget!$A$5:$I$337,6,FALSE) -> 0 | Q15: =VLOOKUP(A15,budget!$A$5:$I$337,7,FALSE) -> 0 | R15: =VLOOKUP(A15,budget!$A$5:$I$337,8,FALSE) -> 상시 무료 관람 (식음료 및 개인소모품비 제외) | S15: =VLOOKUP(A15,budget!$A$5:$I$337,9,FALSE) -> http://place.map.kakao.com/14862993 | T15: =VLOOKUP(B15,api!$A$2:$R$334,17,FALSE) -> 128.94724 | U15: =VLOOKUP(B15,api!$A$2:$R$334,18,FALSE) -> 37.772654
A16: 714254383 | B16: 강릉해중공원 | C16: =VLOOKUP(A16,budget!$A$5:$I$337,3,FALSE) -> 강릉해중공원 | D16: =VLOOKUP(B16,api!$A$2:$R$334,2,FALSE) -> 강릉시 | E16: =VLOOKUP(B16,api!$A$2:$R$334,12,FALSE) -> 강원특별자치도 강릉시 안현동 227-6 | F16: 실외 | G16: =VLOOKUP(A16,budget!$A$5:$I$337,4,FALSE) -> 자연경관/자유관광지 | J16: =VLOOKUP(A16,budget!$A$5:$I$337,5,FALSE) -> 24시간 연중무휴 (자유 방문) | K16: =VLOOKUP(B16,api!$A$2:$R$334,14,FALSE) -> 0 | L16: =VLOOKUP(B16,api!$A$2:$R$334,4,FALSE) -> https://www.gn.go.kr/tour/index.do | M16: =VLOOKUP(B16,api!$A$2:$R$334,5,FALSE) -> 4 | N16: =VLOOKUP(B16,api!$A$2:$R$334,6,FALSE) -> 1 | O16: =VLOOKUP(B16,api!$A$2:$R$334,7,FALSE) -> 0 | P16: =VLOOKUP(A16,budget!$A$5:$I$337,6,FALSE) -> 0 | Q16: =VLOOKUP(A16,budget!$A$5:$I$337,7,FALSE) -> 0 | R16: =VLOOKUP(A16,budget!$A$5:$I$337,8,FALSE) -> 상시 무료 관람 (식음료 및 개인소모품비 제외) | S16: =VLOOKUP(A16,budget!$A$5:$I$337,9,FALSE) -> http://place.map.kakao.com/714254383 | T16: =VLOOKUP(B16,api!$A$2:$R$334,17,FALSE) -> 128.89738 | U16: =VLOOKUP(B16,api!$A$2:$R$334,18,FALSE) -> 37.813595
A17: 8171435 | B17: 강원감영 | C17: =VLOOKUP(A17,budget!$A$5:$I$337,3,FALSE) -> 원주 강원감영 | D17: =VLOOKUP(B17,api!$A$2:$R$334,2,FALSE) -> 원주시 | E17: =VLOOKUP(B17,api!$A$2:$R$334,12,FALSE) -> 강원특별자치도 원주시 일산동 54-3 | F17: 실외 | G17: =VLOOKUP(A17,budget!$A$5:$I$337,4,FALSE) -> 자연경관/자유관광지 | J17: =VLOOKUP(A17,budget!$A$5:$I$337,5,FALSE) -> 상시 개방 | K17: =VLOOKUP(B17,api!$A$2:$R$334,14,FALSE) -> 033-747-2416 | L17: =VLOOKUP(B17,api!$A$2:$R$334,4,FALSE) -> http://gangwongamyoung500.com/ | M17: =VLOOKUP(B17,api!$A$2:$R$334,5,FALSE) -> 4.4 | N17: =VLOOKUP(B17,api!$A$2:$R$334,6,FALSE) -> 62 | O17: =VLOOKUP(B17,api!$A$2:$R$334,7,FALSE) -> 318 | P17: =VLOOKUP(A17,budget!$A$5:$I$337,6,FALSE) -> 0 | Q17: =VLOOKUP(A17,budget!$A$5:$I$337,7,FALSE) -> 0 | R17: =VLOOKUP(A17,budget!$A$5:$I$337,8,FALSE) -> 상시 무료 관람 (식음료 및 개인소모품비 제외) | S17: =VLOOKUP(A17,budget!$A$5:$I$337,9,FALSE) -> http://place.map.kakao.com/8171435 | T17: =VLOOKUP(B17,api!$A$2:$R$334,17,FALSE) -> 127.95042 | U17: =VLOOKUP(B17,api!$A$2:$R$334,18,FALSE) -> 37.347973
A18: 11046971 | B18: 강원도립화목원 | C18: =VLOOKUP(A18,budget!$A$5:$I$337,3,FALSE) -> 강원특별자치도립화목원 | D18: =VLOOKUP(B18,api!$A$2:$R$334,2,FALSE) -> 춘천시 | E18: =VLOOKUP(B18,api!$A$2:$R$334,12,FALSE) -> 강원특별자치도 춘천시 사농동 644-1 | F18: 실외 | G18: =VLOOKUP(A18,budget!$A$5:$I$337,4,FALSE) -> 자연경관/자유관광지 | H18: AT4 | I18: 관광명소 | J18: =VLOOKUP(A18,budget!$A$5:$I$337,5,FALSE) -> 상시 개방 | K18: =VLOOKUP(B18,api!$A$2:$R$334,14,FALSE) -> 033-248-6685 | L18: =VLOOKUP(B18,api!$A$2:$R$334,4,FALSE) -> https://www.gwpa.kr/ | M18: =VLOOKUP(B18,api!$A$2:$R$334,5,FALSE) -> 4.3 | N18: =VLOOKUP(B18,api!$A$2:$R$334,6,FALSE) -> 65 | O18: =VLOOKUP(B18,api!$A$2:$R$334,7,FALSE) -> 302 | P18: =VLOOKUP(A18,budget!$A$5:$I$337,6,FALSE) -> 0 | Q18: =VLOOKUP(A18,budget!$A$5:$I$337,7,FALSE) -> 0 | R18: =VLOOKUP(A18,budget!$A$5:$I$337,8,FALSE) -> 상시 무료 관람 (식음료 및 개인소모품비 제외) | S18: =VLOOKUP(A18,budget!$A$5:$I$337,9,FALSE) -> http://place.map.kakao.com/11046971 | T18: =VLOOKUP(B18,api!$A$2:$R$334,17,FALSE) -> 127.72569 | U18: =VLOOKUP(B18,api!$A$2:$R$334,18,FALSE) -> 37.923032
A19: 9675634 | B19: 강원종합박물관 | C19: =VLOOKUP(A19,budget!$A$5:$I$337,3,FALSE) -> 강원종합박물관 | D19: =VLOOKUP(B19,api!$A$2:$R$334,2,FALSE) -> 삼척시 | E19: =VLOOKUP(B19,api!$A$2:$R$334,12,FALSE) -> 강원특별자치도 삼척시 신기면 신기리 375-4 | F19: 실내 | G19: =VLOOKUP(A19,budget!$A$5:$I$337,4,FALSE) -> 문화/전람/동굴/전망시설 | H19: CT1 | I19: 문화시설 | J19: =VLOOKUP(A19,budget!$A$5:$I$337,5,FALSE) -> 09:00 - 18:00 (입장마감 17:00, 월요일 휴무) | K19: =VLOOKUP(B19,api!$A$2:$R$334,14,FALSE) -> 033-541-1523 | L19: =VLOOKUP(B19,api!$A$2:$R$334,4,FALSE) -> http://www.museum.gangwon.kr/ | M19: =VLOOKUP(B19,api!$A$2:$R$334,5,FALSE) -> 2.7 | N19: =VLOOKUP(B19,api!$A$2:$R$334,6,FALSE) -> 91 | O19: =VLOOKUP(B19,api!$A$2:$R$334,7,FALSE) -> 215 | P19: =VLOOKUP(A19,budget!$A$5:$I$337,6,FALSE) -> 2000 | Q19: =VLOOKUP(A19,budget!$A$5:$I$337,7,FALSE) -> 10000 | R19: =VLOOKUP(A19,budget!$A$5:$I$337,8,FALSE) -> 대인 관람료 및 전망대/스카이워크 이용료 기준 | S19: =VLOOKUP(A19,budget!$A$5:$I$337,9,FALSE) -> http://place.map.kakao.com/9675634 | T19: =VLOOKUP(B19,api!$A$2:$R$334,17,FALSE) -> 129.0865 | U19: =VLOOKUP(B19,api!$A$2:$R$334,18,FALSE) -> 37.350927
A20: 26388997 | B20: 강촌레일파크 경강 레일바이크 | C20: =VLOOKUP(A20,budget!$A$5:$I$337,3,FALSE) -> 강촌레일파크 경강 레일바이크 | D20: =VLOOKUP(B20,api!$A$2:$R$334,2,FALSE) -> 춘천시 | E20: =VLOOKUP(B20,api!$A$2:$R$334,12,FALSE) -> 강원특별자치도 춘천시 남산면 서천리 226-5 | F20: 실외 | G20: =VLOOKUP(A20,budget!$A$5:$I$337,4,FALSE) -> 체험/액티비티 | H20: AT4 | I20: 관광명소 | J20: =VLOOKUP(A20,budget!$A$5:$I$337,5,FALSE) -> 09:00 - 17:30 (회차별 운행) | K20: =VLOOKUP(B20,api!$A$2:$R$334,14,FALSE) -> 033-245-1000 | L20: =VLOOKUP(B20,api!$A$2:$R$334,4,FALSE) -> 0 | M20: =VLOOKUP(B20,api!$A$2:$R$334,5,FALSE) -> 4 | N20: =VLOOKUP(B20,api!$A$2:$R$334,6,FALSE) -> 23 | O20: =VLOOKUP(B20,api!$A$2:$R$334,7,FALSE) -> 73 | P20: =VLOOKUP(A20,budget!$A$5:$I$337,6,FALSE) -> 10000 | Q20: =VLOOKUP(A20,budget!$A$5:$I$337,7,FALSE) -> 35000 | R20: =VLOOKUP(A20,budget!$A$5:$I$337,8,FALSE) -> 1인 승선/체험권 기준 (코스 및 이용 상품에 따라 변동) | S20: =VLOOKUP(A20,budget!$A$5:$I$337,9,FALSE) -> http://place.map.kakao.com/26388997 | T20: =VLOOKUP(B20,api!$A$2:$R$334,17,FALSE) -> 127.55096 | U20: =VLOOKUP(B20,api!$A$2:$R$334,18,FALSE) -> 37.842744
A21: 18711877 | B21: 강촌레일파크 김유정레일바이크 | C21: =VLOOKUP(A21,budget!$A$5:$I$337,3,FALSE) -> 강촌레일파크 김유정레일바이크 | D21: =VLOOKUP(B21,api!$A$2:$R$334,2,FALSE) -> 춘천시 | E21: =VLOOKUP(B21,api!$A$2:$R$334,12,FALSE) -> 강원특별자치도 춘천시 신동면 증리 323-2 | F21: 실외 | G21: =VLOOKUP(A21,budget!$A$5:$I$337,4,FALSE) -> 체험/액티비티 | H21: AT4 | I21: 관광명소 | J21: =VLOOKUP(A21,budget!$A$5:$I$337,5,FALSE) -> 09:00 - 17:30 (회차별 운행) | K21: =VLOOKUP(B21,api!$A$2:$R$334,14,FALSE) -> 033-245-1000 | L21: =VLOOKUP(B21,api!$A$2:$R$334,4,FALSE) -> https://www.railpark.co.kr/ | M21: =VLOOKUP(B21,api!$A$2:$R$334,5,FALSE) -> 3.8 | N21: =VLOOKUP(B21,api!$A$2:$R$334,6,FALSE) -> 145 | O21: =VLOOKUP(B21,api!$A$2:$R$334,7,FALSE) -> 265 | P21: =VLOOKUP(A21,budget!$A$5:$I$337,6,FALSE) -> 10000 | Q21: =VLOOKUP(A21,budget!$A$5:$I$337,7,FALSE) -> 35000 | R21: =VLOOKUP(A21,budget!$A$5:$I$337,8,FALSE) -> 1인 승선/체험권 기준 (코스 및 이용 상품에 따라 변동) | S21: =VLOOKUP(A21,budget!$A$5:$I$337,9,FALSE) -> http://place.map.kakao.com/18711877 | T21: =VLOOKUP(B21,api!$A$2:$R$334,17,FALSE) -> 127.71233 | U21: =VLOOKUP(B21,api!$A$2:$R$334,18,FALSE) -> 37.815773
A22: 8171586 | B22: 건봉사 | C22: =VLOOKUP(A22,budget!$A$5:$I$337,3,FALSE) -> 건봉사 | D22: =VLOOKUP(B22,api!$A$2:$R$334,2,FALSE) -> 고성군 | E22: =VLOOKUP(B22,api!$A$2:$R$334,12,FALSE) -> 강원특별자치도 고성군 거진읍 냉천리 36 | F22: 실외 | G22: =VLOOKUP(A22,budget!$A$5:$I$337,4,FALSE) -> 자연경관/자유관광지 | J22: =VLOOKUP(A22,budget!$A$5:$I$337,5,FALSE) -> 24시간 연중무휴 (자유 방문) | K22: =VLOOKUP(B22,api!$A$2:$R$334,14,FALSE) -> 033-682-8100 | L22: =VLOOKUP(B22,api!$A$2:$R$334,4,FALSE) -> https://www.gwgs.go.kr/tour/index.do | M22: =VLOOKUP(B22,api!$A$2:$R$334,5,FALSE) -> 4.6 | N22: =VLOOKUP(B22,api!$A$2:$R$334,6,FALSE) -> 44 | O22: =VLOOKUP(B22,api!$A$2:$R$334,7,FALSE) -> 182 | P22: =VLOOKUP(A22,budget!$A$5:$I$337,6,FALSE) -> 0 | Q22: =VLOOKUP(A22,budget!$A$5:$I$337,7,FALSE) -> 0 | R22: =VLOOKUP(A22,budget!$A$5:$I$337,8,FALSE) -> 상시 무료 관람 (식음료 및 개인소모품비 제외) | S22: =VLOOKUP(A22,budget!$A$5:$I$337,9,FALSE) -> http://place.map.kakao.com/8171586 | T22: =VLOOKUP(B22,api!$A$2:$R$334,17,FALSE) -> 128.37947 | U22: =VLOOKUP(B22,api!$A$2:$R$334,18,FALSE) -> 38.403158
A23: 910019105 | B23: 경포해변 중앙광장 | C23: =VLOOKUP(A23,budget!$A$5:$I$337,3,FALSE) -> 경포해변 중앙광장 | D23: =VLOOKUP(B23,api!$A$2:$R$334,2,FALSE) -> 강릉시 | E23: =VLOOKUP(B23,api!$A$2:$R$334,12,FALSE) -> 강원특별자치도 강릉시 강문동 산 1 | F23: 실외 | G23: =VLOOKUP(A23,budget!$A$5:$I$337,4,FALSE) -> 자연경관/자유관광지 | J23: =VLOOKUP(A23,budget!$A$5:$I$337,5,FALSE) -> 24시간 연중무휴 (자유 방문) | K23: =VLOOKUP(B23,api!$A$2:$R$334,14,FALSE) -> 0 | L23: =VLOOKUP(B23,api!$A$2:$R$334,4,FALSE) -> https://www.gn.go.kr/tour/prog/lod/Sights/S01/sub02_02_01/view.do?cid=434&orderBy=B&pageIndex=1&searchCondition=sj&searchKeyword=%EA%B2%BD%ED%8F%AC%ED%95%B4%EB%B3%80 | M23: =VLOOKUP(B23,api!$A$2:$R$334,5,FALSE) -> 4.7 | N23: =VLOOKUP(B23,api!$A$2:$R$334,6,FALSE) -> 3 | O23: =VLOOKUP(B23,api!$A$2:$R$334,7,FALSE) -> 4 | P23: =VLOOKUP(A23,budget!$A$5:$I$337,6,FALSE) -> 0 | Q23: =VLOOKUP(A23,budget!$A$5:$I$337,7,FALSE) -> 0 | R23: =VLOOKUP(A23,budget!$A$5:$I$337,8,FALSE) -> 상시 무료 관람 (식음료 및 개인소모품비 제외) | S23: =VLOOKUP(A23,budget!$A$5:$I$337,9,FALSE) -> http://place.map.kakao.com/910019105 | T23: =VLOOKUP(B23,api!$A$2:$R$334,17,FALSE) -> 128.9078 | U23: =VLOOKUP(B23,api!$A$2:$R$334,18,FALSE) -> 37.805138
A24: 8199114 | B24: 경포해수욕장 | C24: =VLOOKUP(A24,budget!$A$5:$I$337,3,FALSE) -> 경포해수욕장 | D24: =VLOOKUP(B24,api!$A$2:$R$334,2,FALSE) -> 강릉시 | E24: =VLOOKUP(B24,api!$A$2:$R$334,12,FALSE) -> 강원특별자치도 강릉시 강문동 산 1 | F24: 실외 | G24: =VLOOKUP(A24,budget!$A$5:$I$337,4,FALSE) -> 자연경관/자유관광지 | H24: AT4 | I24: 관광명소 | J24: =VLOOKUP(A24,budget!$A$5:$I$337,5,FALSE) -> 24시간 연중무휴 (자유 방문) | K24: =VLOOKUP(B24,api!$A$2:$R$334,14,FALSE) -> 0 | L24: =VLOOKUP(B24,api!$A$2:$R$334,4,FALSE) -> https://www.gn.go.kr/tour/prog/lod/Sights/S01/sub02_02_01/view.do?cid=434&orderBy=B&pageIndex=1&searchCondition=sj&searchKeyword=%EA%B2%BD%ED%8F%AC%ED%95%B4%EB%B3%80 | M24: =VLOOKUP(B24,api!$A$2:$R$334,5,FALSE) -> 4.4 | N24: =VLOOKUP(B24,api!$A$2:$R$334,6,FALSE) -> 217 | O24: =VLOOKUP(B24,api!$A$2:$R$334,7,FALSE) -> 38 | P24: =VLOOKUP(A24,budget!$A$5:$I$337,6,FALSE) -> 0 | Q24: =VLOOKUP(A24,budget!$A$5:$I$337,7,FALSE) -> 0 | R24: =VLOOKUP(A24,budget!$A$5:$I$337,8,FALSE) -> 상시 무료 관람 (식음료 및 개인소모품비 제외) | S24: =VLOOKUP(A24,budget!$A$5:$I$337,9,FALSE) -> http://place.map.kakao.com/8199114 | T24: =VLOOKUP(B24,api!$A$2:$R$334,17,FALSE) -> 128.91021 | U24: =VLOOKUP(B24,api!$A$2:$R$334,18,FALSE) -> 37.803406
A25: 12296544 | B25: 계방산 오토캠핑장 | C25: =VLOOKUP(A25,budget!$A$5:$I$337,3,FALSE) -> 계방산오토캠핑장 | D25: =VLOOKUP(B25,api!$A$2:$R$334,2,FALSE) -> 평창군 | E25: =VLOOKUP(B25,api!$A$2:$R$334,12,FALSE) -> 강원특별자치도 평창군 용평면 노동리 86 | F25: 실외 | G25: =VLOOKUP(A25,budget!$A$5:$I$337,4,FALSE) -> 캠핑/숙박시설 | H25: AD5 | I25: 숙박 | J25: =VLOOKUP(A25,budget!$A$5:$I$337,5,FALSE) -> 입실 14:00 / 퇴실 11:00 (상시) | K25: =VLOOKUP(B25,api!$A$2:$R$334,14,FALSE) -> 033-339-9016 | L25: =VLOOKUP(B25,api!$A$2:$R$334,4,FALSE) -> https://www.camfit.co.kr/camp/61d3a4fa5df366001e3f16a6 | M25: =VLOOKUP(B25,api!$A$2:$R$334,5,FALSE) -> 4.8 | N25: =VLOOKUP(B25,api!$A$2:$R$334,6,FALSE) -> 13 | O25: =VLOOKUP(B25,api!$A$2:$R$334,7,FALSE) -> 54 | P25: =VLOOKUP(A25,budget!$A$5:$I$337,6,FALSE) -> 0 | Q25: =VLOOKUP(A25,budget!$A$5:$I$337,7,FALSE) -> 0 | R25: =VLOOKUP(A25,budget!$A$5:$I$337,8,FALSE) -> 시설 이용 고객 대상 (단순 둘러보기/입장 무료) | S25: =VLOOKUP(A25,budget!$A$5:$I$337,9,FALSE) -> http://place.map.kakao.com/12296544 | T25: =VLOOKUP(B25,api!$A$2:$R$334,17,FALSE) -> 128.47937 | U25: =VLOOKUP(B25,api!$A$2:$R$334,18,FALSE) -> 37.700036
A26: 13266763 | B26: 고생대자연사박물관 | C26: =VLOOKUP(A26,budget!$A$5:$I$337,3,FALSE) -> 태백고생대자연사박물관 | D26: =VLOOKUP(B26,api!$A$2:$R$334,2,FALSE) -> 태백시 | E26: =VLOOKUP(B26,api!$A$2:$R$334,12,FALSE) -> 강원특별자치도 태백시 동점동 295 | F26: 실내 | G26: =VLOOKUP(A26,budget!$A$5:$I$337,4,FALSE) -> 문화/전람/동굴/전망시설 | H26: CT1 | I26: 문화시설 | J26: =VLOOKUP(A26,budget!$A$5:$I$337,5,FALSE) -> 09:00 - 18:00 (입장마감 17:00, 월요일 휴무) | K26: =VLOOKUP(B26,api!$A$2:$R$334,14,FALSE) -> 033-581-8181 | L26: =VLOOKUP(B26,api!$A$2:$R$334,4,FALSE) -> https://tour.taebaek.go.kr/tpmuseum | M26: =VLOOKUP(B26,api!$A$2:$R$334,5,FALSE) -> 4.5 | N26: =VLOOKUP(B26,api!$A$2:$R$334,6,FALSE) -> 30 | O26: =VLOOKUP(B26,api!$A$2:$R$334,7,FALSE) -> 141 | P26: =VLOOKUP(A26,budget!$A$5:$I$337,6,FALSE) -> 2000 | Q26: =VLOOKUP(A26,budget!$A$5:$I$337,7,FALSE) -> 10000 | R26: =VLOOKUP(A26,budget!$A$5:$I$337,8,FALSE) -> 대인 관람료 및 전망대/스카이워크 이용료 기준 | S26: =VLOOKUP(A26,budget!$A$5:$I$337,9,FALSE) -> http://place.map.kakao.com/13266763 | T26: =VLOOKUP(B26,api!$A$2:$R$334,17,FALSE) -> 129.03956 | U26: =VLOOKUP(B26,api!$A$2:$R$334,18,FALSE) -> 37.094919
A27: 8176583 | B27: 고석정 | C27: =VLOOKUP(A27,budget!$A$5:$I$337,3,FALSE) -> 고석정 | D27: =VLOOKUP(B27,api!$A$2:$R$334,2,FALSE) -> 철원군 | E27: =VLOOKUP(B27,api!$A$2:$R$334,12,FALSE) -> 강원특별자치도 철원군 동송읍 장흥리 725-13 | F27: 실외 | G27: =VLOOKUP(A27,budget!$A$5:$I$337,4,FALSE) -> 자연경관/자유관광지 | J27: =VLOOKUP(A27,budget!$A$5:$I$337,5,FALSE) -> 상시 개방 | K27: =VLOOKUP(B27,api!$A$2:$R$334,14,FALSE) -> 033-450-5558 | L27: =VLOOKUP(B27,api!$A$2:$R$334,4,FALSE) -> 0 | M27: =VLOOKUP(B27,api!$A$2:$R$334,5,FALSE) -> 4.4 | N27: =VLOOKUP(B27,api!$A$2:$R$334,6,FALSE) -> 179 | O27: =VLOOKUP(B27,api!$A$2:$R$334,7,FALSE) -> 88 | P27: =VLOOKUP(A27,budget!$A$5:$I$337,6,FALSE) -> 0 | Q27: =VLOOKUP(A27,budget!$A$5:$I$337,7,FALSE) -> 0 | R27: =VLOOKUP(A27,budget!$A$5:$I$337,8,FALSE) -> 상시 무료 관람 (식음료 및 개인소모품비 제외) | S27: =VLOOKUP(A27,budget!$A$5:$I$337,9,FALSE) -> http://place.map.kakao.com/8176583 | T27: =VLOOKUP(B27,api!$A$2:$R$334,17,FALSE) -> 127.28795 | U27: =VLOOKUP(B27,api!$A$2:$R$334,18,FALSE) -> 38.185262
A28: 984257114 | B28: 고성 서낭바위 | C28: =VLOOKUP(A28,budget!$A$5:$I$337,3,FALSE) -> 서낭바위 | D28: =VLOOKUP(B28,api!$A$2:$R$334,2,FALSE) -> 고성군 | E28: =VLOOKUP(B28,api!$A$2:$R$334,12,FALSE) -> 강원특별자치도 고성군 죽왕면 오호리 산 24-1 | F28: 실외 | G28: =VLOOKUP(A28,budget!$A$5:$I$337,4,FALSE) -> 자연경관/자유관광지 | J28: =VLOOKUP(A28,budget!$A$5:$I$337,5,FALSE) -> 상시 개방 | K28: =VLOOKUP(B28,api!$A$2:$R$334,14,FALSE) -> 0 | L28: =VLOOKUP(B28,api!$A$2:$R$334,4,FALSE) -> https://blog.naver.com/happy-goseong/222505032066 | M28: =VLOOKUP(B28,api!$A$2:$R$334,5,FALSE) -> 4.5 | N28: =VLOOKUP(B28,api!$A$2:$R$334,6,FALSE) -> 40 | O28: =VLOOKUP(B28,api!$A$2:$R$334,7,FALSE) -> 64 | P28: =VLOOKUP(A28,budget!$A$5:$I$337,6,FALSE) -> 0 | Q28: =VLOOKUP(A28,budget!$A$5:$I$337,7,FALSE) -> 0 | R28: =VLOOKUP(A28,budget!$A$5:$I$337,8,FALSE) -> 상시 무료 관람 (식음료 및 개인소모품비 제외) | S28: =VLOOKUP(A28,budget!$A$5:$I$337,9,FALSE) -> http://place.map.kakao.com/984257114 | T28: =VLOOKUP(B28,api!$A$2:$R$334,17,FALSE) -> 128.52993 | U28: =VLOOKUP(B28,api!$A$2:$R$334,18,FALSE) -> 38.327507
A29: 8127461 | B29: 고성 하늬라벤더팜 | C29: =VLOOKUP(A29,budget!$A$5:$I$337,3,FALSE) -> 하늬라벤더팜 | D29: =VLOOKUP(B29,api!$A$2:$R$334,2,FALSE) -> 고성군 | E29: =VLOOKUP(B29,api!$A$2:$R$334,12,FALSE) -> 강원특별자치도 고성군 간성읍 어천리 786-5 | F29: 실외 | G29: =VLOOKUP(A29,budget!$A$5:$I$337,4,FALSE) -> 자연경관/자유관광지 | J29: =VLOOKUP(A29,budget!$A$5:$I$337,5,FALSE) -> 상시 개방 | K29: =VLOOKUP(B29,api!$A$2:$R$334,14,FALSE) -> 033-681-0005 | L29: =VLOOKUP(B29,api!$A$2:$R$334,4,FALSE) -> https://www.lavenderfarm.co.kr/ | M29: =VLOOKUP(B29,api!$A$2:$R$334,5,FALSE) -> 3.3 | N29: =VLOOKUP(B29,api!$A$2:$R$334,6,FALSE) -> 76 | O29: =VLOOKUP(B29,api!$A$2:$R$334,7,FALSE) -> 527 | P29: =VLOOKUP(A29,budget!$A$5:$I$337,6,FALSE) -> 0 | Q29: =VLOOKUP(A29,budget!$A$5:$I$337,7,FALSE) -> 0 | R29: =VLOOKUP(A29,budget!$A$5:$I$337,8,FALSE) -> 상시 무료 관람 (식음료 및 개인소모품비 제외) | S29: =VLOOKUP(A29,budget!$A$5:$I$337,9,FALSE) -> http://place.map.kakao.com/8127461 | T29: =VLOOKUP(B29,api!$A$2:$R$334,17,FALSE) -> 128.41524 | U29: =VLOOKUP(B29,api!$A$2:$R$334,18,FALSE) -> 38.348549
A30: 1439312170 | B30: 고성통일전망타워 | C30: =VLOOKUP(A30,budget!$A$5:$I$337,3,FALSE) -> 고성통일전망타워 | D30: =VLOOKUP(B30,api!$A$2:$R$334,2,FALSE) -> 고성군 | E30: =VLOOKUP(B30,api!$A$2:$R$334,12,FALSE) -> 강원특별자치도 고성군 현내면 명호리 2-23 | F30: 실외 | G30: =VLOOKUP(A30,budget!$A$5:$I$337,4,FALSE) -> 문화/전람/동굴/전망시설 | H30: AT4 | I30: 관광명소 | J30: =VLOOKUP(A30,budget!$A$5:$I$337,5,FALSE) -> 10:00 - 18:00 (하절기/주말 연장운영) | K30: =VLOOKUP(B30,api!$A$2:$R$334,14,FALSE) -> 033-682-0088 | L30: =VLOOKUP(B30,api!$A$2:$R$334,4,FALSE) -> http://www.tongiltour.co.kr/ | M30: =VLOOKUP(B30,api!$A$2:$R$334,5,FALSE) -> 4.3 | N30: =VLOOKUP(B30,api!$A$2:$R$334,6,FALSE) -> 247 | O30: =VLOOKUP(B30,api!$A$2:$R$334,7,FALSE) -> 297 | P30: =VLOOKUP(A30,budget!$A$5:$I$337,6,FALSE) -> 2000 | Q30: =VLOOKUP(A30,budget!$A$5:$I$337,7,FALSE) -> 10000 | R30: =VLOOKUP(A30,budget!$A$5:$I$337,8,FALSE) -> 대인 관람료 및 전망대/스카이워크 이용료 기준 | S30: =VLOOKUP(A30,budget!$A$5:$I$337,9,FALSE) -> http://place.map.kakao.com/1439312170 | T30: =VLOOKUP(B30,api!$A$2:$R$334,17,FALSE) -> 128.37489 | U30: =VLOOKUP(B30,api!$A$2:$R$334,18,FALSE) -> 38.586687
A31: 11529179 | B31: 곰배령 | C31: =VLOOKUP(A31,budget!$A$5:$I$337,3,FALSE) -> 곰배령 | D31: =VLOOKUP(B31,api!$A$2:$R$334,2,FALSE) -> 인제군 | E31: =VLOOKUP(B31,api!$A$2:$R$334,12,FALSE) -> 강원특별자치도 인제군 기린면 진동리 | F31: 실외 | G31: =VLOOKUP(A31,budget!$A$5:$I$337,4,FALSE) -> 자연경관/자유관광지 | J31: =VLOOKUP(A31,budget!$A$5:$I$337,5,FALSE) -> 상시 개방 | K31: =VLOOKUP(B31,api!$A$2:$R$334,14,FALSE) -> 0 | L31: =VLOOKUP(B31,api!$A$2:$R$334,4,FALSE) -> 0 | M31: =VLOOKUP(B31,api!$A$2:$R$334,5,FALSE) -> 4.5 | N31: =VLOOKUP(B31,api!$A$2:$R$334,6,FALSE) -> 46 | O31: =VLOOKUP(B31,api!$A$2:$R$334,7,FALSE) -> 111 | P31: =VLOOKUP(A31,budget!$A$5:$I$337,6,FALSE) -> 0 | Q31: =VLOOKUP(A31,budget!$A$5:$I$337,7,FALSE) -> 0 | R31: =VLOOKUP(A31,budget!$A$5:$I$337,8,FALSE) -> 상시 무료 관람 (식음료 및 개인소모품비 제외) | S31: =VLOOKUP(A31,budget!$A$5:$I$337,9,FALSE) -> http://place.map.kakao.com/11529179 | T31: =VLOOKUP(B31,api!$A$2:$R$334,17,FALSE) -> 128.4334 | U31: =VLOOKUP(B31,api!$A$2:$R$334,18,FALSE) -> 38.027598
A32: 8235953 | B32: 구곡폭포 | C32: =VLOOKUP(A32,budget!$A$5:$I$337,3,FALSE) -> 구곡폭포 | D32: =VLOOKUP(B32,api!$A$2:$R$334,2,FALSE) -> 춘천시 | E32: =VLOOKUP(B32,api!$A$2:$R$334,12,FALSE) -> 강원특별자치도 춘천시 남산면 강촌리 432 | F32: 실외 | G32: =VLOOKUP(A32,budget!$A$5:$I$337,4,FALSE) -> 자연경관/자유관광지 | J32: =VLOOKUP(A32,budget!$A$5:$I$337,5,FALSE) -> 24시간 연중무휴 (자유 방문) | K32: =VLOOKUP(B32,api!$A$2:$R$334,14,FALSE) -> 033-261-0088 | L32: =VLOOKUP(B32,api!$A$2:$R$334,4,FALSE) -> http://tour.chuncheon.go.kr/ | M32: =VLOOKUP(B32,api!$A$2:$R$334,5,FALSE) -> 4.2 | N32: =VLOOKUP(B32,api!$A$2:$R$334,6,FALSE) -> 28 | O32: =VLOOKUP(B32,api!$A$2:$R$334,7,FALSE) -> 117 | P32: =VLOOKUP(A32,budget!$A$5:$I$337,6,FALSE) -> 0 | Q32: =VLOOKUP(A32,budget!$A$5:$I$337,7,FALSE) -> 0 | R32: =VLOOKUP(A32,budget!$A$5:$I$337,8,FALSE) -> 상시 무료 관람 (식음료 및 개인소모품비 제외) | S32: =VLOOKUP(A32,budget!$A$5:$I$337,9,FALSE) -> http://place.map.kakao.com/8235953 | T32: =VLOOKUP(B32,api!$A$2:$R$334,17,FALSE) -> 127.61585 | U32: =VLOOKUP(B32,api!$A$2:$R$334,18,FALSE) -> 37.797033
A33: 8214139 | B33: 구문소 | C33: =VLOOKUP(A33,budget!$A$5:$I$337,3,FALSE) -> 구문소 | D33: =VLOOKUP(B33,api!$A$2:$R$334,2,FALSE) -> 태백시 | E33: =VLOOKUP(B33,api!$A$2:$R$334,12,FALSE) -> 강원특별자치도 태백시 동점동 498-123 | F33: 실외 | G33: =VLOOKUP(A33,budget!$A$5:$I$337,4,FALSE) -> 자연경관/자유관광지 | J33: =VLOOKUP(A33,budget!$A$5:$I$337,5,FALSE) -> 상시 개방 | K33: =VLOOKUP(B33,api!$A$2:$R$334,14,FALSE) -> 0 | L33: =VLOOKUP(B33,api!$A$2:$R$334,4,FALSE) -> https://tour.taebaek.go.kr/ | M33: =VLOOKUP(B33,api!$A$2:$R$334,5,FALSE) -> 4.5 | N33: =VLOOKUP(B33,api!$A$2:$R$334,6,FALSE) -> 71 | O33: =VLOOKUP(B33,api!$A$2:$R$334,7,FALSE) -> 119 | P33: =VLOOKUP(A33,budget!$A$5:$I$337,6,FALSE) -> 0 | Q33: =VLOOKUP(A33,budget!$A$5:$I$337,7,FALSE) -> 0 | R33: =VLOOKUP(A33,budget!$A$5:$I$337,8,FALSE) -> 상시 무료 관람 (식음료 및 개인소모품비 제외) | S33: =VLOOKUP(A33,budget!$A$5:$I$337,9,FALSE) -> http://place.map.kakao.com/8214139 | T33: =VLOOKUP(B33,api!$A$2:$R$334,17,FALSE) -> 129.04233 | U33: =VLOOKUP(B33,api!$A$2:$R$334,18,FALSE) -> 37.092536
A34: 8713811 | B34: 국립가리왕산자연휴양림 | C34: =VLOOKUP(A34,budget!$A$5:$I$337,3,FALSE) -> 국립가리왕산자연휴양림 | D34: =VLOOKUP(B34,api!$A$2:$R$334,2,FALSE) -> 정선군 | E34: =VLOOKUP(B34,api!$A$2:$R$334,12,FALSE) -> 강원특별자치도 정선군 정선읍 회동리 308-1 | F34: 실외 | G34: =VLOOKUP(A34,budget!$A$5:$I$337,4,FALSE) -> 휴양림/수목원 | H34: AT4 | I34: 관광명소 | J34: =VLOOKUP(A34,budget!$A$5:$I$337,5,FALSE) -> 09:00 - 18:00 (화요일/월요일 휴무) | K34: =VLOOKUP(B34,api!$A$2:$R$334,14,FALSE) -> 033-562-5833 | L34: =VLOOKUP(B34,api!$A$2:$R$334,4,FALSE) -> https://www.foresttrip.go.kr/indvz/main.do?hmpgId=0113 | M34: =VLOOKUP(B34,api!$A$2:$R$334,5,FALSE) -> 0 | N34: =VLOOKUP(B34,api!$A$2:$R$334,6,FALSE) -> 0 | O34: =VLOOKUP(B34,api!$A$2:$R$334,7,FALSE) -> 0 | P34: =VLOOKUP(A34,budget!$A$5:$I$337,6,FALSE) -> 1000 | Q34: =VLOOKUP(A34,budget!$A$5:$I$337,7,FALSE) -> 5000 | R34: =VLOOKUP(A34,budget!$A$5:$I$337,8,FALSE) -> 국공립/민간 휴양림 입장료 기준 (숙박/체험비 제외) | S34: =VLOOKUP(A34,budget!$A$5:$I$337,9,FALSE) -> http://place.map.kakao.com/8713811 | T34: =VLOOKUP(B34,api!$A$2:$R$334,17,FALSE) -> 128.56964 | U34: =VLOOKUP(B34,api!$A$2:$R$334,18,FALSE) -> 37.426731
A35: 581564680 | B35: 국립강원전문과학관 | C35: =VLOOKUP(A35,budget!$A$5:$I$337,3,FALSE) -> 국립강원전문과학관 | D35: =VLOOKUP(B35,api!$A$2:$R$334,2,FALSE) -> 원주시 | E35: =VLOOKUP(B35,api!$A$2:$R$334,12,FALSE) -> 강원특별자치도 원주시 태장동 1191-6 | F35: 실내 | G35: =VLOOKUP(A35,budget!$A$5:$I$337,4,FALSE) -> 자연경관/자유관광지 | H35: CT1 | I35: 문화시설 | J35: =VLOOKUP(A35,budget!$A$5:$I$337,5,FALSE) -> 상시 개방 | K35: =VLOOKUP(B35,api!$A$2:$R$334,14,FALSE) -> 033-749-3500 | L35: =VLOOKUP(B35,api!$A$2:$R$334,4,FALSE) -> https://www.gwnsm.or.kr/ | M35: =VLOOKUP(B35,api!$A$2:$R$334,5,FALSE) -> 3.2 | N35: =VLOOKUP(B35,api!$A$2:$R$334,6,FALSE) -> 12 | O35: =VLOOKUP(B35,api!$A$2:$R$334,7,FALSE) -> 176 | P35: =VLOOKUP(A35,budget!$A$5:$I$337,6,FALSE) -> 0 | Q35: =VLOOKUP(A35,budget!$A$5:$I$337,7,FALSE) -> 0 | R35: =VLOOKUP(A35,budget!$A$5:$I$337,8,FALSE) -> 상시 무료 관람 (식음료 및 개인소모품비 제외) | S35: =VLOOKUP(A35,budget!$A$5:$I$337,9,FALSE) -> http://place.map.kakao.com/581564680 | T35: =VLOOKUP(B35,api!$A$2:$R$334,17,FALSE) -> 127.95339 | U35: =VLOOKUP(B35,api!$A$2:$R$334,18,FALSE) -> 37.391378
A36: 7879147 | B36: 국립미천골자연휴양림 | C36: =VLOOKUP(A36,budget!$A$5:$I$337,3,FALSE) -> 국립미천골자연휴양림 | D36: =VLOOKUP(B36,api!$A$2:$R$334,2,FALSE) -> 양양군 | E36: =VLOOKUP(B36,api!$A$2:$R$334,12,FALSE) -> 강원특별자치도 양양군 서면 미천리 산 5 | F36: 실외 | G36: =VLOOKUP(A36,budget!$A$5:$I$337,4,FALSE) -> 휴양림/수목원 | H36: AT4 | I36: 관광명소 | J36: =VLOOKUP(A36,budget!$A$5:$I$337,5,FALSE) -> 09:00 - 18:00 (화요일/월요일 휴무) | K36: =VLOOKUP(B36,api!$A$2:$R$334,14,FALSE) -> 033-673-1806 | L36: =VLOOKUP(B36,api!$A$2:$R$334,4,FALSE) -> https://www.foresttrip.go.kr/indvz/main.do?hmpgId=0112 | M36: =VLOOKUP(B36,api!$A$2:$R$334,5,FALSE) -> 4.7 | N36: =VLOOKUP(B36,api!$A$2:$R$334,6,FALSE) -> 32 | O36: =VLOOKUP(B36,api!$A$2:$R$334,7,FALSE) -> 2 | P36: =VLOOKUP(A36,budget!$A$5:$I$337,6,FALSE) -> 1000 | Q36: =VLOOKUP(A36,budget!$A$5:$I$337,7,FALSE) -> 5000 | R36: =VLOOKUP(A36,budget!$A$5:$I$337,8,FALSE) -> 국공립/민간 휴양림 입장료 기준 (숙박/체험비 제외) | S36: =VLOOKUP(A36,budget!$A$5:$I$337,9,FALSE) -> http://place.map.kakao.com/7879147 | T36: =VLOOKUP(B36,api!$A$2:$R$334,17,FALSE) -> 128.52806 | U36: =VLOOKUP(B36,api!$A$2:$R$334,18,FALSE) -> 37.939012
A37: 10389516 | B37: 국립백운산자연휴양림 | C37: =VLOOKUP(A37,budget!$A$5:$I$337,3,FALSE) -> 국립백운산자연휴양림 | D37: =VLOOKUP(B37,api!$A$2:$R$334,2,FALSE) -> 원주시 | E37: =VLOOKUP(B37,api!$A$2:$R$334,12,FALSE) -> 강원특별자치도 원주시 판부면 서곡리 1742-1 | F37: 실외 | G37: =VLOOKUP(A37,budget!$A$5:$I$337,4,FALSE) -> 휴양림/수목원 | H37: AT4 | I37: 관광명소 | J37: =VLOOKUP(A37,budget!$A$5:$I$337,5,FALSE) -> 09:00 - 18:00 (화요일/월요일 휴무) | K37: =VLOOKUP(B37,api!$A$2:$R$334,14,FALSE) -> 033-766-1063 | L37: =VLOOKUP(B37,api!$A$2:$R$334,4,FALSE) -> https://www.foresttrip.go.kr/indvz/main.do?hmpgId=0223 | M37: =VLOOKUP(B37,api!$A$2:$R$334,5,FALSE) -> 3.6 | N37: =VLOOKUP(B37,api!$A$2:$R$334,6,FALSE) -> 19 | O37: =VLOOKUP(B37,api!$A$2:$R$334,7,FALSE) -> 8 | P37: =VLOOKUP(A37,budget!$A$5:$I$337,6,FALSE) -> 1000 | Q37: =VLOOKUP(A37,budget!$A$5:$I$337,7,FALSE) -> 5000 | R37: =VLOOKUP(A37,budget!$A$5:$I$337,8,FALSE) -> 국공립/민간 휴양림 입장료 기준 (숙박/체험비 제외) | S37: =VLOOKUP(A37,budget!$A$5:$I$337,9,FALSE) -> http://place.map.kakao.com/10389516 | T37: =VLOOKUP(B37,api!$A$2:$R$334,17,FALSE) -> 127.94157 | U37: =VLOOKUP(B37,api!$A$2:$R$334,18,FALSE) -> 37.271561
A38: 8208782 | B38: 국립춘천박물관 | C38: =VLOOKUP(A38,budget!$A$5:$I$337,3,FALSE) -> 국립춘천박물관 | D38: =VLOOKUP(B38,api!$A$2:$R$334,2,FALSE) -> 춘천시 | E38: =VLOOKUP(B38,api!$A$2:$R$334,12,FALSE) -> 강원특별자치도 춘천시 석사동 95-3 | F38: 실내 | G38: =VLOOKUP(A38,budget!$A$5:$I$337,4,FALSE) -> 국공립 박물관/기념관 | H38: CT1 | I38: 문화시설 | J38: =VLOOKUP(A38,budget!$A$5:$I$337,5,FALSE) -> 09:00 - 18:00 (월요일 휴무) | K38: =VLOOKUP(B38,api!$A$2:$R$334,14,FALSE) -> 033-260-1500 | L38: =VLOOKUP(B38,api!$A$2:$R$334,4,FALSE) -> https://chuncheon.museum.go.kr/ | M38: =VLOOKUP(B38,api!$A$2:$R$334,5,FALSE) -> 4.6 | N38: =VLOOKUP(B38,api!$A$2:$R$334,6,FALSE) -> 63 | O38: =VLOOKUP(B38,api!$A$2:$R$334,7,FALSE) -> 841 | P38: =VLOOKUP(A38,budget!$A$5:$I$337,6,FALSE) -> 0 | Q38: =VLOOKUP(A38,budget!$A$5:$I$337,7,FALSE) -> 3000 | R38: =VLOOKUP(A38,budget!$A$5:$I$337,8,FALSE) -> 국공립 시설 무료 관람 또는 대인 기준 정가 | S38: =VLOOKUP(A38,budget!$A$5:$I$337,9,FALSE) -> http://place.map.kakao.com/8208782 | T38: =VLOOKUP(B38,api!$A$2:$R$334,17,FALSE) -> 127.75378 | U38: =VLOOKUP(B38,api!$A$2:$R$334,18,FALSE) -> 37.864059
A39: 1158129196 | B39: 국립춘천숲체원 | C39: =VLOOKUP(A39,budget!$A$5:$I$337,3,FALSE) -> 국립춘천숲체원 | D39: =VLOOKUP(B39,api!$A$2:$R$334,2,FALSE) -> 춘천시 | E39: =VLOOKUP(B39,api!$A$2:$R$334,12,FALSE) -> 강원특별자치도 춘천시 신북읍 발산리 산 32-1 | F39: 실외 | G39: =VLOOKUP(A39,budget!$A$5:$I$337,4,FALSE) -> 휴양림/수목원 | J39: =VLOOKUP(A39,budget!$A$5:$I$337,5,FALSE) -> 09:00 - 18:00 (화요일/월요일 휴무) | K39: =VLOOKUP(B39,api!$A$2:$R$334,14,FALSE) -> 033-260-5800 | L39: =VLOOKUP(B39,api!$A$2:$R$334,4,FALSE) -> https://ccfowi.modoo.at/ | M39: =VLOOKUP(B39,api!$A$2:$R$334,5,FALSE) -> 4.1 | N39: =VLOOKUP(B39,api!$A$2:$R$334,6,FALSE) -> 9 | O39: =VLOOKUP(B39,api!$A$2:$R$334,7,FALSE) -> 86 | P39: =VLOOKUP(A39,budget!$A$5:$I$337,6,FALSE) -> 1000 | Q39: =VLOOKUP(A39,budget!$A$5:$I$337,7,FALSE) -> 5000 | R39: =VLOOKUP(A39,budget!$A$5:$I$337,8,FALSE) -> 국공립/민간 휴양림 입장료 기준 (숙박/체험비 제외) | S39: =VLOOKUP(A39,budget!$A$5:$I$337,9,FALSE) -> http://place.map.kakao.com/1158129196 | T39: =VLOOKUP(B39,api!$A$2:$R$334,17,FALSE) -> 127.77181 | U39: =VLOOKUP(B39,api!$A$2:$R$334,18,FALSE) -> 37.980285
A40: 24505294 | B40: 국립횡성숲체원 | C40: =VLOOKUP(A40,budget!$A$5:$I$337,3,FALSE) -> 국립횡성숲체원 | D40: =VLOOKUP(B40,api!$A$2:$R$334,2,FALSE) -> 횡성군 | E40: =VLOOKUP(B40,api!$A$2:$R$334,12,FALSE) -> 강원특별자치도 횡성군 둔내면 삽교리 1767-10 | F40: 실외 | G40: =VLOOKUP(A40,budget!$A$5:$I$337,4,FALSE) -> 휴양림/수목원 | H40: AT4 | I40: 관광명소 | J40: =VLOOKUP(A40,budget!$A$5:$I$337,5,FALSE) -> 09:00 - 18:00 (화요일/월요일 휴무) | K40: =VLOOKUP(B40,api!$A$2:$R$334,14,FALSE) -> 033-340-6300 | L40: =VLOOKUP(B40,api!$A$2:$R$334,4,FALSE) -> https://hoengseong.fowi.or.kr/ | M40: =VLOOKUP(B40,api!$A$2:$R$334,5,FALSE) -> 4.5 | N40: =VLOOKUP(B40,api!$A$2:$R$334,6,FALSE) -> 45 | O40: =VLOOKUP(B40,api!$A$2:$R$334,7,FALSE) -> 188 | P40: =VLOOKUP(A40,budget!$A$5:$I$337,6,FALSE) -> 1000 | Q40: =VLOOKUP(A40,budget!$A$5:$I$337,7,FALSE) -> 5000 | R40: =VLOOKUP(A40,budget!$A$5:$I$337,8,FALSE) -> 국공립/민간 휴양림 입장료 기준 (숙박/체험비 제외) | S40: =VLOOKUP(A40,budget!$A$5:$I$337,9,FALSE) -> http://place.map.kakao.com/24505294 | T40: =VLOOKUP(B40,api!$A$2:$R$334,17,FALSE) -> 128.29146 | U40: =VLOOKUP(B40,api!$A$2:$R$334,18,FALSE) -> 37.536862
A41: 10134258 | B41: 국토정중앙천문대 | C41: =VLOOKUP(A41,budget!$A$5:$I$337,3,FALSE) -> 국토정중앙천문대 | D41: =VLOOKUP(B41,api!$A$2:$R$334,2,FALSE) -> 양구군 | E41: =VLOOKUP(B41,api!$A$2:$R$334,12,FALSE) -> 강원특별자치도 양구군 국토정중앙면 도촌리 98 | F41: 실내 | G41: =VLOOKUP(A41,budget!$A$5:$I$337,4,FALSE) -> 문화/전람/동굴/전망시설 | H41: AT4 | I41: 관광명소 | J41: =VLOOKUP(A41,budget!$A$5:$I$337,5,FALSE) -> 09:00 - 18:00 (입장마감 17:00, 월요일 휴무) | K41: =VLOOKUP(B41,api!$A$2:$R$334,14,FALSE) -> 033-480-7257 | L41: =VLOOKUP(B41,api!$A$2:$R$334,4,FALSE) -> https://www.ygtour.kr/Home/index | M41: =VLOOKUP(B41,api!$A$2:$R$334,5,FALSE) -> 0 | N41: =VLOOKUP(B41,api!$A$2:$R$334,6,FALSE) -> 30 | O41: =VLOOKUP(B41,api!$A$2:$R$334,7,FALSE) -> 41 | P41: =VLOOKUP(A41,budget!$A$5:$I$337,6,FALSE) -> 2000 | Q41: =VLOOKUP(A41,budget!$A$5:$I$337,7,FALSE) -> 10000 | R41: =VLOOKUP(A41,budget!$A$5:$I$337,8,FALSE) -> 대인 관람료 및 전망대/스카이워크 이용료 기준 | S41: =VLOOKUP(A41,budget!$A$5:$I$337,9,FALSE) -> http://place.map.kakao.com/10134258 | T41: =VLOOKUP(B41,api!$A$2:$R$334,17,FALSE) -> 128.02967 | U41: =VLOOKUP(B41,api!$A$2:$R$334,18,FALSE) -> 38.068906
A42: 8696982 | B42: 금강산 화암사 | C42: =VLOOKUP(A42,budget!$A$5:$I$337,3,FALSE) -> 금강산 화암사 | D42: =VLOOKUP(B42,api!$A$2:$R$334,2,FALSE) -> 고성군 | E42: =VLOOKUP(B42,api!$A$2:$R$334,12,FALSE) -> 강원특별자치도 고성군 토성면 신평리 772-2 | F42: 실외 | G42: =VLOOKUP(A42,budget!$A$5:$I$337,4,FALSE) -> 자연경관/자유관광지 | J42: =VLOOKUP(A42,budget!$A$5:$I$337,5,FALSE) -> 24시간 연중무휴 (자유 방문) | K42: =VLOOKUP(B42,api!$A$2:$R$334,14,FALSE) -> 033-633-1525 | L42: =VLOOKUP(B42,api!$A$2:$R$334,4,FALSE) -> https://www.gwgs.go.kr/tour/index.do | M42: =VLOOKUP(B42,api!$A$2:$R$334,5,FALSE) -> 4.5 | N42: =VLOOKUP(B42,api!$A$2:$R$334,6,FALSE) -> 70 | O42: =VLOOKUP(B42,api!$A$2:$R$334,7,FALSE) -> 400 | P42: =VLOOKUP(A42,budget!$A$5:$I$337,6,FALSE) -> 0 | Q42: =VLOOKUP(A42,budget!$A$5:$I$337,7,FALSE) -> 0 | R42: =VLOOKUP(A42,budget!$A$5:$I$337,8,FALSE) -> 상시 무료 관람 (식음료 및 개인소모품비 제외) | S42: =VLOOKUP(A42,budget!$A$5:$I$337,9,FALSE) -> http://place.map.kakao.com/8696982 | T42: =VLOOKUP(B42,api!$A$2:$R$334,17,FALSE) -> 128.47021 | U42: =VLOOKUP(B42,api!$A$2:$R$334,18,FALSE) -> 38.227006
A43: 10195101 | B43: 김삿갓문학관 | C43: =VLOOKUP(A43,budget!$A$5:$I$337,3,FALSE) -> 난고 김삿갓문학관 | D43: =VLOOKUP(B43,api!$A$2:$R$334,2,FALSE) -> 영월군 | E43: =VLOOKUP(B43,api!$A$2:$R$334,12,FALSE) -> 강원특별자치도 영월군 김삿갓면 와석리 913-1 | F43: 실내 | G43: =VLOOKUP(A43,budget!$A$5:$I$337,4,FALSE) -> 국공립 박물관/기념관 | H43: CT1 | I43: 문화시설 | J43: =VLOOKUP(A43,budget!$A$5:$I$337,5,FALSE) -> 09:00 - 18:00 (월요일 휴무) | K43: =VLOOKUP(B43,api!$A$2:$R$334,14,FALSE) -> 033-375-7900 | L43: =VLOOKUP(B43,api!$A$2:$R$334,4,FALSE) -> https://www.yw.go.kr/tour/index.do#lastPage | M43: =VLOOKUP(B43,api!$A$2:$R$334,5,FALSE) -> 3.4 | N43: =VLOOKUP(B43,api!$A$2:$R$334,6,FALSE) -> 12 | O43: =VLOOKUP(B43,api!$A$2:$R$334,7,FALSE) -> 55 | P43: =VLOOKUP(A43,budget!$A$5:$I$337,6,FALSE) -> 0 | Q43: =VLOOKUP(A43,budget!$A$5:$I$337,7,FALSE) -> 3000 | R43: =VLOOKUP(A43,budget!$A$5:$I$337,8,FALSE) -> 국공립 시설 무료 관람 또는 대인 기준 정가 | S43: =VLOOKUP(A43,budget!$A$5:$I$337,9,FALSE) -> http://place.map.kakao.com/10195101 | T43: =VLOOKUP(B43,api!$A$2:$R$334,17,FALSE) -> 128.60176 | U43: =VLOOKUP(B43,api!$A$2:$R$334,18,FALSE) -> 37.079488
A44: 8239112 | B44: 김삿갓유적지 | C44: =VLOOKUP(A44,budget!$A$5:$I$337,3,FALSE) -> 김삿갓유적지 | D44: =VLOOKUP(B44,api!$A$2:$R$334,2,FALSE) -> 영월군 | E44: =VLOOKUP(B44,api!$A$2:$R$334,12,FALSE) -> 강원특별자치도 영월군 김삿갓면 와석리 897-2 | F44: 실외 | G44: =VLOOKUP(A44,budget!$A$5:$I$337,4,FALSE) -> 자연경관/자유관광지 | J44: =VLOOKUP(A44,budget!$A$5:$I$337,5,FALSE) -> 상시 개방 | K44: =VLOOKUP(B44,api!$A$2:$R$334,14,FALSE) -> 033-375-7900 | L44: =VLOOKUP(B44,api!$A$2:$R$334,4,FALSE) -> https://www.yw.go.kr/tour/index.do#lastPage | M44: =VLOOKUP(B44,api!$A$2:$R$334,5,FALSE) -> 4 | N44: =VLOOKUP(B44,api!$A$2:$R$334,6,FALSE) -> 9 | O44: =VLOOKUP(B44,api!$A$2:$R$334,7,FALSE) -> 5 | P44: =VLOOKUP(A44,budget!$A$5:$I$337,6,FALSE) -> 0 | Q44: =VLOOKUP(A44,budget!$A$5:$I$337,7,FALSE) -> 0 | R44: =VLOOKUP(A44,budget!$A$5:$I$337,8,FALSE) -> 상시 무료 관람 (식음료 및 개인소모품비 제외) | S44: =VLOOKUP(A44,budget!$A$5:$I$337,9,FALSE) -> http://place.map.kakao.com/8239112 | T44: =VLOOKUP(B44,api!$A$2:$R$334,17,FALSE) -> 128.60206 | U44: =VLOOKUP(B44,api!$A$2:$R$334,18,FALSE) -> 37.083288
A45: 1641336553 | B45: 김유정문학촌 | C45: =VLOOKUP(A45,budget!$A$5:$I$337,3,FALSE) -> 김유정문학촌 | D45: =VLOOKUP(B45,api!$A$2:$R$334,2,FALSE) -> 춘천시 | E45: =VLOOKUP(B45,api!$A$2:$R$334,12,FALSE) -> 강원특별자치도 춘천시 신동면 증리 914-1 | F45: 실외 | G45: =VLOOKUP(A45,budget!$A$5:$I$337,4,FALSE) -> 문화/전람/동굴/전망시설 | J45: =VLOOKUP(A45,budget!$A$5:$I$337,5,FALSE) -> 09:00 - 18:00 (입장마감 17:00, 월요일 휴무) | K45: =VLOOKUP(B45,api!$A$2:$R$334,14,FALSE) -> 033-261-4650 | L45: =VLOOKUP(B45,api!$A$2:$R$334,4,FALSE) -> http://www.kimyoujeong.org/ | M45: =VLOOKUP(B45,api!$A$2:$R$334,5,FALSE) -> 3.9 | N45: =VLOOKUP(B45,api!$A$2:$R$334,6,FALSE) -> 44 | O45: =VLOOKUP(B45,api!$A$2:$R$334,7,FALSE) -> 207 | P45: =VLOOKUP(A45,budget!$A$5:$I$337,6,FALSE) -> 2000 | Q45: =VLOOKUP(A45,budget!$A$5:$I$337,7,FALSE) -> 10000 | R45: =VLOOKUP(A45,budget!$A$5:$I$337,8,FALSE) -> 대인 관람료 및 전망대/스카이워크 이용료 기준 | S45: =VLOOKUP(A45,budget!$A$5:$I$337,9,FALSE) -> http://place.map.kakao.com/1641336553 | T45: =VLOOKUP(B45,api!$A$2:$R$334,17,FALSE) -> 127.71774 | U45: =VLOOKUP(B45,api!$A$2:$R$334,18,FALSE) -> 37.818302
A46: 8013497 | B46: 김일성 별장 | C46: =VLOOKUP(A46,budget!$A$5:$I$337,3,FALSE) -> 화진포의성 김일성별장 | D46: =VLOOKUP(B46,api!$A$2:$R$334,2,FALSE) -> 고성군 | E46: =VLOOKUP(B46,api!$A$2:$R$334,12,FALSE) -> 강원특별자치도 고성군 거진읍 화포리 606-1 | F46: 실내 | G46: =VLOOKUP(A46,budget!$A$5:$I$337,4,FALSE) -> 자연경관/자유관광지 | H46: CT1 | I46: 문화시설 | J46: =VLOOKUP(A46,budget!$A$5:$I$337,5,FALSE) -> 상시 개방 | K46: =VLOOKUP(B46,api!$A$2:$R$334,14,FALSE) -> 033-680-3469 | L46: =VLOOKUP(B46,api!$A$2:$R$334,4,FALSE) -> https://www.gwgs.go.kr/tour/ | M46: =VLOOKUP(B46,api!$A$2:$R$334,5,FALSE) -> 2.8 | N46: =VLOOKUP(B46,api!$A$2:$R$334,6,FALSE) -> 63 | O46: =VLOOKUP(B46,api!$A$2:$R$334,7,FALSE) -> 108 | P46: =VLOOKUP(A46,budget!$A$5:$I$337,6,FALSE) -> 0 | Q46: =VLOOKUP(A46,budget!$A$5:$I$337,7,FALSE) -> 0 | R46: =VLOOKUP(A46,budget!$A$5:$I$337,8,FALSE) -> 상시 무료 관람 (식음료 및 개인소모품비 제외) | S46: =VLOOKUP(A46,budget!$A$5:$I$337,9,FALSE) -> http://place.map.kakao.com/8013497 | T46: =VLOOKUP(B46,api!$A$2:$R$334,17,FALSE) -> 128.44363 | U46: =VLOOKUP(B46,api!$A$2:$R$334,18,FALSE) -> 38.474257
A47: 291863218 | B47: 나전역 카페 | C47: =VLOOKUP(A47,budget!$A$5:$I$337,3,FALSE) -> 나전역카페 | D47: =VLOOKUP(B47,api!$A$2:$R$334,2,FALSE) -> 정선군 | E47: =VLOOKUP(B47,api!$A$2:$R$334,12,FALSE) -> 강원특별자치도 정선군 북평면 북평리 244-5 | F47: 실내 | G47: =VLOOKUP(A47,budget!$A$5:$I$337,4,FALSE) -> 자연경관/자유관광지 | H47: CE7 | I47: 카페 | J47: =VLOOKUP(A47,budget!$A$5:$I$337,5,FALSE) -> 상시 개방 | K47: =VLOOKUP(B47,api!$A$2:$R$334,14,FALSE) -> 0503-7150-1283 | L47: =VLOOKUP(B47,api!$A$2:$R$334,4,FALSE) -> https://www.instagram.com/najeoncafe/ | M47: =VLOOKUP(B47,api!$A$2:$R$334,5,FALSE) -> 4.4 | N47: =VLOOKUP(B47,api!$A$2:$R$334,6,FALSE) -> 40 | O47: =VLOOKUP(B47,api!$A$2:$R$334,7,FALSE) -> 309 | P47: =VLOOKUP(A47,budget!$A$5:$I$337,6,FALSE) -> 0 | Q47: =VLOOKUP(A47,budget!$A$5:$I$337,7,FALSE) -> 0 | R47: =VLOOKUP(A47,budget!$A$5:$I$337,8,FALSE) -> 상시 무료 관람 (식음료 및 개인소모품비 제외) | S47: =VLOOKUP(A47,budget!$A$5:$I$337,9,FALSE) -> http://place.map.kakao.com/291863218 | T47: =VLOOKUP(B47,api!$A$2:$R$334,17,FALSE) -> 128.66831 | U47: =VLOOKUP(B47,api!$A$2:$R$334,18,FALSE) -> 37.449824
A48: 18059918 | B48: 낙산사 홍련암 | C48: =VLOOKUP(A48,budget!$A$5:$I$337,3,FALSE) -> 낙산사 홍련암 | D48: =VLOOKUP(B48,api!$A$2:$R$334,2,FALSE) -> 양양군 | E48: =VLOOKUP(B48,api!$A$2:$R$334,12,FALSE) -> 강원특별자치도 양양군 강현면 전진리 57-2 | F48: 실외 | G48: =VLOOKUP(A48,budget!$A$5:$I$337,4,FALSE) -> 자연경관/자유관광지 | J48: =VLOOKUP(A48,budget!$A$5:$I$337,5,FALSE) -> 24시간 연중무휴 (자유 방문) | K48: =VLOOKUP(B48,api!$A$2:$R$334,14,FALSE) -> 033-672-2478 | L48: =VLOOKUP(B48,api!$A$2:$R$334,4,FALSE) -> http://www.naksansa.or.kr/web/home.php | M48: =VLOOKUP(B48,api!$A$2:$R$334,5,FALSE) -> 4.7 | N48: =VLOOKUP(B48,api!$A$2:$R$334,6,FALSE) -> 48 | O48: =VLOOKUP(B48,api!$A$2:$R$334,7,FALSE) -> 4 | P48: =VLOOKUP(A48,budget!$A$5:$I$337,6,FALSE) -> 0 | Q48: =VLOOKUP(A48,budget!$A$5:$I$337,7,FALSE) -> 0 | R48: =VLOOKUP(A48,budget!$A$5:$I$337,8,FALSE) -> 상시 무료 관람 (식음료 및 개인소모품비 제외) | S48: =VLOOKUP(A48,budget!$A$5:$I$337,9,FALSE) -> http://place.map.kakao.com/18059918 | T48: =VLOOKUP(B48,api!$A$2:$R$334,17,FALSE) -> 128.62978 | U48: =VLOOKUP(B48,api!$A$2:$R$334,18,FALSE) -> 38.126617
A49: 17807543 | B49: 남근조각공원 | C49: =VLOOKUP(A49,budget!$A$5:$I$337,3,FALSE) -> 해신당공원 남근조각공원 | D49: =VLOOKUP(B49,api!$A$2:$R$334,2,FALSE) -> 삼척시 | E49: =VLOOKUP(B49,api!$A$2:$R$334,12,FALSE) -> 강원특별자치도 삼척시 원덕읍 갈남리 307 | F49: 실외 | G49: =VLOOKUP(A49,budget!$A$5:$I$337,4,FALSE) -> 자연경관/자유관광지 | J49: =VLOOKUP(A49,budget!$A$5:$I$337,5,FALSE) -> 24시간 연중무휴 (자유 방문) | K49: =VLOOKUP(B49,api!$A$2:$R$334,14,FALSE) -> 0 | L49: =VLOOKUP(B49,api!$A$2:$R$334,4,FALSE) -> https://www.samcheok.go.kr/tour.web | M49: =VLOOKUP(B49,api!$A$2:$R$334,5,FALSE) -> 4 | N49: =VLOOKUP(B49,api!$A$2:$R$334,6,FALSE) -> 7 | O49: =VLOOKUP(B49,api!$A$2:$R$334,7,FALSE) -> 0 | P49: =VLOOKUP(A49,budget!$A$5:$I$337,6,FALSE) -> 0 | Q49: =VLOOKUP(A49,budget!$A$5:$I$337,7,FALSE) -> 0 | R49: =VLOOKUP(A49,budget!$A$5:$I$337,8,FALSE) -> 상시 무료 관람 (식음료 및 개인소모품비 제외) | S49: =VLOOKUP(A49,budget!$A$5:$I$337,9,FALSE) -> http://place.map.kakao.com/17807543 | T49: =VLOOKUP(B49,api!$A$2:$R$334,17,FALSE) -> 129.32765 | U49: =VLOOKUP(B49,api!$A$2:$R$334,18,FALSE) -> 37.267369
A50: 8226156 | B50: 남애항 | C50: =VLOOKUP(A50,budget!$A$5:$I$337,3,FALSE) -> 남애항 | D50: =VLOOKUP(B50,api!$A$2:$R$334,2,FALSE) -> 양양군 | E50: =VLOOKUP(B50,api!$A$2:$R$334,12,FALSE) -> 강원특별자치도 양양군 현남면 남애리 2-8 | F50: 실외 | G50: =VLOOKUP(A50,budget!$A$5:$I$337,4,FALSE) -> 자연경관/자유관광지 | J50: =VLOOKUP(A50,budget!$A$5:$I$337,5,FALSE) -> 24시간 연중무휴 (자유 방문) | K50: =VLOOKUP(B50,api!$A$2:$R$334,14,FALSE) -> 0 | L50: =VLOOKUP(B50,api!$A$2:$R$334,4,FALSE) -> https://tour.yangyang.go.kr/ | M50: =VLOOKUP(B50,api!$A$2:$R$334,5,FALSE) -> 4.5 | N50: =VLOOKUP(B50,api!$A$2:$R$334,6,FALSE) -> 17 | O50: =VLOOKUP(B50,api!$A$2:$R$334,7,FALSE) -> 37 | P50: =VLOOKUP(A50,budget!$A$5:$I$337,6,FALSE) -> 0 | Q50: =VLOOKUP(A50,budget!$A$5:$I$337,7,FALSE) -> 0 | R50: =VLOOKUP(A50,budget!$A$5:$I$337,8,FALSE) -> 상시 무료 관람 (식음료 및 개인소모품비 제외) | S50: =VLOOKUP(A50,budget!$A$5:$I$337,9,FALSE) -> http://place.map.kakao.com/8226156 | T50: =VLOOKUP(B50,api!$A$2:$R$334,17,FALSE) -> 128.78741 | U50: =VLOOKUP(B50,api!$A$2:$R$334,18,FALSE) -> 37.944488
A51: 11276521 | B51: 남이섬 | C51: =VLOOKUP(A51,budget!$A$5:$I$337,3,FALSE) -> 남이섬 | D51: =VLOOKUP(B51,api!$A$2:$R$334,2,FALSE) -> 춘천시 | E51: =VLOOKUP(B51,api!$A$2:$R$334,12,FALSE) -> 강원특별자치도 춘천시 남산면 방하리 197 | F51: 실외 | G51: =VLOOKUP(A51,budget!$A$5:$I$337,4,FALSE) -> 자연경관/자유관광지 | H51: AT4 | I51: 관광명소 | J51: =VLOOKUP(A51,budget!$A$5:$I$337,5,FALSE) -> 상시 개방 | K51: =VLOOKUP(B51,api!$A$2:$R$334,14,FALSE) -> 031-580-8114 | L51: =VLOOKUP(B51,api!$A$2:$R$334,4,FALSE) -> https://www.namisum.com/ | M51: =VLOOKUP(B51,api!$A$2:$R$334,5,FALSE) -> 3.5 | N51: =VLOOKUP(B51,api!$A$2:$R$334,6,FALSE) -> 413 | O51: =VLOOKUP(B51,api!$A$2:$R$334,7,FALSE) -> 1434 | P51: =VLOOKUP(A51,budget!$A$5:$I$337,6,FALSE) -> 0 | Q51: =VLOOKUP(A51,budget!$A$5:$I$337,7,FALSE) -> 0 | R51: =VLOOKUP(A51,budget!$A$5:$I$337,8,FALSE) -> 상시 무료 관람 (식음료 및 개인소모품비 제외) | S51: =VLOOKUP(A51,budget!$A$5:$I$337,9,FALSE) -> http://place.map.kakao.com/11276521 | T51: =VLOOKUP(B51,api!$A$2:$R$334,17,FALSE) -> 127.52523 | U51: =VLOOKUP(B51,api!$A$2:$R$334,18,FALSE) -> 37.79145
A52: 25042265 | B52: 논골담길 | C52: =VLOOKUP(A52,budget!$A$5:$I$337,3,FALSE) -> 논골담길 | D52: =VLOOKUP(B52,api!$A$2:$R$334,2,FALSE) -> 동해시 | E52: =VLOOKUP(B52,api!$A$2:$R$334,12,FALSE) -> 강원특별자치도 동해시 묵호진동 18 | F52: 실외 | G52: =VLOOKUP(A52,budget!$A$5:$I$337,4,FALSE) -> 자연경관/자유관광지 | J52: =VLOOKUP(A52,budget!$A$5:$I$337,5,FALSE) -> 상시 개방 | K52: =VLOOKUP(B52,api!$A$2:$R$334,14,FALSE) -> 0 | L52: =VLOOKUP(B52,api!$A$2:$R$334,4,FALSE) -> https://www.dh.go.kr/tour/index.htm | M52: =VLOOKUP(B52,api!$A$2:$R$334,5,FALSE) -> 4.4 | N52: =VLOOKUP(B52,api!$A$2:$R$334,6,FALSE) -> 91 | O52: =VLOOKUP(B52,api!$A$2:$R$334,7,FALSE) -> 186 | P52: =VLOOKUP(A52,budget!$A$5:$I$337,6,FALSE) -> 0 | Q52: =VLOOKUP(A52,budget!$A$5:$I$337,7,FALSE) -> 0 | R52: =VLOOKUP(A52,budget!$A$5:$I$337,8,FALSE) -> 상시 무료 관람 (식음료 및 개인소모품비 제외) | S52: =VLOOKUP(A52,budget!$A$5:$I$337,9,FALSE) -> http://place.map.kakao.com/25042265 | T52: =VLOOKUP(B52,api!$A$2:$R$334,17,FALSE) -> 129.11648 | U52: =VLOOKUP(B52,api!$A$2:$R$334,18,FALSE) -> 37.552771
A53: 24876688 | B53: 능파대 | C53: =VLOOKUP(A53,budget!$A$5:$I$337,3,FALSE) -> 능파대 | D53: =VLOOKUP(B53,api!$A$2:$R$334,2,FALSE) -> 고성군 | E53: =VLOOKUP(B53,api!$A$2:$R$334,12,FALSE) -> 강원특별자치도 고성군 죽왕면 문암진리 | F53: 실외 | G53: =VLOOKUP(A53,budget!$A$5:$I$337,4,FALSE) -> 자연경관/자유관광지 | J53: =VLOOKUP(A53,budget!$A$5:$I$337,5,FALSE) -> 상시 개방 | K53: =VLOOKUP(B53,api!$A$2:$R$334,14,FALSE) -> 0 | L53: =VLOOKUP(B53,api!$A$2:$R$334,4,FALSE) -> https://koreadmz.kr/ | M53: =VLOOKUP(B53,api!$A$2:$R$334,5,FALSE) -> 4.3 | N53: =VLOOKUP(B53,api!$A$2:$R$334,6,FALSE) -> 10 | O53: =VLOOKUP(B53,api!$A$2:$R$334,7,FALSE) -> 0 | P53: =VLOOKUP(A53,budget!$A$5:$I$337,6,FALSE) -> 0 | Q53: =VLOOKUP(A53,budget!$A$5:$I$337,7,FALSE) -> 0 | R53: =VLOOKUP(A53,budget!$A$5:$I$337,8,FALSE) -> 상시 무료 관람 (식음료 및 개인소모품비 제외) | S53: =VLOOKUP(A53,budget!$A$5:$I$337,9,FALSE) -> http://place.map.kakao.com/24876688 | T53: =VLOOKUP(B53,api!$A$2:$R$334,17,FALSE) -> 128.54986 | U53: =VLOOKUP(B53,api!$A$2:$R$334,18,FALSE) -> 38.296609
A54: 10260730 | B54: 대관령 양떼목장 | C54: =VLOOKUP(A54,budget!$A$5:$I$337,3,FALSE) -> 대관령양떼목장 | D54: =VLOOKUP(B54,api!$A$2:$R$334,2,FALSE) -> 평창군 | E54: =VLOOKUP(B54,api!$A$2:$R$334,12,FALSE) -> 강원특별자치도 평창군 대관령면 횡계리 14-104 | F54: 실외 | G54: =VLOOKUP(A54,budget!$A$5:$I$337,4,FALSE) -> 테마파크/민간관광지 | J54: =VLOOKUP(A54,budget!$A$5:$I$337,5,FALSE) -> 10:00 - 18:00 (연중무휴/입장마감 17:00) | K54: =VLOOKUP(B54,api!$A$2:$R$334,14,FALSE) -> 033-335-1966 | L54: =VLOOKUP(B54,api!$A$2:$R$334,4,FALSE) -> 0 | M54: =VLOOKUP(B54,api!$A$2:$R$334,5,FALSE) -> 3.9 | N54: =VLOOKUP(B54,api!$A$2:$R$334,6,FALSE) -> 181 | O54: =VLOOKUP(B54,api!$A$2:$R$334,7,FALSE) -> 1265 | P54: =VLOOKUP(A54,budget!$A$5:$I$337,6,FALSE) -> 8000 | Q54: =VLOOKUP(A54,budget!$A$5:$I$337,7,FALSE) -> 20000 | R54: =VLOOKUP(A54,budget!$A$5:$I$337,8,FALSE) -> 대인 정상 입장료 기준 (할인혜택/통합권 따라 변동) | S54: =VLOOKUP(A54,budget!$A$5:$I$337,9,FALSE) -> http://place.map.kakao.com/10260730 | T54: =VLOOKUP(B54,api!$A$2:$R$334,17,FALSE) -> 128.75297 | U54: =VLOOKUP(B54,api!$A$2:$R$334,18,FALSE) -> 37.689788
A55: 1926175775 | B55: 대관령 하늘목장 | C55: =VLOOKUP(A55,budget!$A$5:$I$337,3,FALSE) -> 대관령 하늘목장 | D55: =VLOOKUP(B55,api!$A$2:$R$334,2,FALSE) -> 평창군 | E55: =VLOOKUP(B55,api!$A$2:$R$334,12,FALSE) -> 강원특별자치도 평창군 대관령면 횡계리 산 1-134 | F55: 실외 | G55: =VLOOKUP(A55,budget!$A$5:$I$337,4,FALSE) -> 테마파크/민간관광지 | J55: =VLOOKUP(A55,budget!$A$5:$I$337,5,FALSE) -> 10:00 - 18:00 (연중무휴/입장마감 17:00) | K55: =VLOOKUP(B55,api!$A$2:$R$334,14,FALSE) -> 033-332-8061 | L55: =VLOOKUP(B55,api!$A$2:$R$334,4,FALSE) -> http://www.yangtte.co.kr/ | M55: =VLOOKUP(B55,api!$A$2:$R$334,5,FALSE) -> 3.8 | N55: =VLOOKUP(B55,api!$A$2:$R$334,6,FALSE) -> 81 | O55: =VLOOKUP(B55,api!$A$2:$R$334,7,FALSE) -> 30 | P55: =VLOOKUP(A55,budget!$A$5:$I$337,6,FALSE) -> 8000 | Q55: =VLOOKUP(A55,budget!$A$5:$I$337,7,FALSE) -> 20000 | R55: =VLOOKUP(A55,budget!$A$5:$I$337,8,FALSE) -> 대인 정상 입장료 기준 (할인혜택/통합권 따라 변동) | S55: =VLOOKUP(A55,budget!$A$5:$I$337,9,FALSE) -> http://place.map.kakao.com/1926175775 | T55: =VLOOKUP(B55,api!$A$2:$R$334,17,FALSE) -> 128.73216 | U55: =VLOOKUP(B55,api!$A$2:$R$334,18,FALSE) -> 37.711703
A56: 8302996 | B56: 대관령자연휴양림 | C56: =VLOOKUP(A56,budget!$A$5:$I$337,3,FALSE) -> 국립대관령자연휴양림 | D56: =VLOOKUP(B56,api!$A$2:$R$334,2,FALSE) -> 강릉시 | E56: =VLOOKUP(B56,api!$A$2:$R$334,12,FALSE) -> 강원특별자치도 강릉시 성산면 어흘리 산 2-1 | F56: 실외 | G56: =VLOOKUP(A56,budget!$A$5:$I$337,4,FALSE) -> 휴양림/수목원 | H56: AT4 | I56: 관광명소 | J56: =VLOOKUP(A56,budget!$A$5:$I$337,5,FALSE) -> 09:00 - 18:00 (화요일/월요일 휴무) | K56: =VLOOKUP(B56,api!$A$2:$R$334,14,FALSE) -> 033-641-9990 | L56: =VLOOKUP(B56,api!$A$2:$R$334,4,FALSE) -> https://www.foresttrip.go.kr/ | M56: =VLOOKUP(B56,api!$A$2:$R$334,5,FALSE) -> 4.3 | N56: =VLOOKUP(B56,api!$A$2:$R$334,6,FALSE) -> 42 | O56: =VLOOKUP(B56,api!$A$2:$R$334,7,FALSE) -> 5 | P56: =VLOOKUP(A56,budget!$A$5:$I$337,6,FALSE) -> 1000 | Q56: =VLOOKUP(A56,budget!$A$5:$I$337,7,FALSE) -> 5000 | R56: =VLOOKUP(A56,budget!$A$5:$I$337,8,FALSE) -> 국공립/민간 휴양림 입장료 기준 (숙박/체험비 제외) | S56: =VLOOKUP(A56,budget!$A$5:$I$337,9,FALSE) -> http://place.map.kakao.com/8302996 | T56: =VLOOKUP(B56,api!$A$2:$R$334,17,FALSE) -> 128.78596 | U56: =VLOOKUP(B56,api!$A$2:$R$334,18,FALSE) -> 37.712663
A57: 7828533 | B57: 대진해변 | C57: =VLOOKUP(A57,budget!$A$5:$I$337,3,FALSE) -> 대진해변 | D57: =VLOOKUP(B57,api!$A$2:$R$334,2,FALSE) -> 동해시 | E57: =VLOOKUP(B57,api!$A$2:$R$334,12,FALSE) -> 강원특별자치도 동해시 망상동 | F57: 실외 | G57: =VLOOKUP(A57,budget!$A$5:$I$337,4,FALSE) -> 자연경관/자유관광지 | H57: AT4 | I57: 관광명소 | J57: =VLOOKUP(A57,budget!$A$5:$I$337,5,FALSE) -> 24시간 연중무휴 (자유 방문) | K57: =VLOOKUP(B57,api!$A$2:$R$334,14,FALSE) -> 0 | L57: =VLOOKUP(B57,api!$A$2:$R$334,4,FALSE) -> https://www.dh.go.kr/tour/index.htm | M57: =VLOOKUP(B57,api!$A$2:$R$334,5,FALSE) -> 3 | N57: =VLOOKUP(B57,api!$A$2:$R$334,6,FALSE) -> 6 | O57: =VLOOKUP(B57,api!$A$2:$R$334,7,FALSE) -> 0 | P57: =VLOOKUP(A57,budget!$A$5:$I$337,6,FALSE) -> 0 | Q57: =VLOOKUP(A57,budget!$A$5:$I$337,7,FALSE) -> 0 | R57: =VLOOKUP(A57,budget!$A$5:$I$337,8,FALSE) -> 상시 무료 관람 (식음료 및 개인소모품비 제외) | S57: =VLOOKUP(A57,budget!$A$5:$I$337,9,FALSE) -> http://place.map.kakao.com/7828533 | T57: =VLOOKUP(B57,api!$A$2:$R$334,17,FALSE) -> 129.10972 | U57: =VLOOKUP(B57,api!$A$2:$R$334,18,FALSE) -> 37.581382
A58: 405308632 | B58: 덕봉산 해안생태탐방로 | C58: =VLOOKUP(A58,budget!$A$5:$I$337,3,FALSE) -> 덕봉산 해안생태탐방로 | D58: =VLOOKUP(B58,api!$A$2:$R$334,2,FALSE) -> 삼척시 | E58: =VLOOKUP(B58,api!$A$2:$R$334,12,FALSE) -> 강원특별자치도 삼척시 근덕면 덕산리 119-5 | F58: 실외 | G58: =VLOOKUP(A58,budget!$A$5:$I$337,4,FALSE) -> 자연경관/자유관광지 | H58: AT4 | I58: 관광명소 | J58: =VLOOKUP(A58,budget!$A$5:$I$337,5,FALSE) -> 24시간 연중무휴 (자유 방문) | K58: =VLOOKUP(B58,api!$A$2:$R$334,14,FALSE) -> 0 | L58: =VLOOKUP(B58,api!$A$2:$R$334,4,FALSE) -> https://www.samcheok.go.kr/ | M58: =VLOOKUP(B58,api!$A$2:$R$334,5,FALSE) -> 4.6 | N58: =VLOOKUP(B58,api!$A$2:$R$334,6,FALSE) -> 12 | O58: =VLOOKUP(B58,api!$A$2:$R$334,7,FALSE) -> 103 | P58: =VLOOKUP(A58,budget!$A$5:$I$337,6,FALSE) -> 0 | Q58: =VLOOKUP(A58,budget!$A$5:$I$337,7,FALSE) -> 0 | R58: =VLOOKUP(A58,budget!$A$5:$I$337,8,FALSE) -> 상시 무료 관람 (식음료 및 개인소모품비 제외) | S58: =VLOOKUP(A58,budget!$A$5:$I$337,9,FALSE) -> http://place.map.kakao.com/405308632 | T58: =VLOOKUP(B58,api!$A$2:$R$334,17,FALSE) -> 129.23982 | U58: =VLOOKUP(B58,api!$A$2:$R$334,18,FALSE) -> 37.386213
A59: 1437031172 | B59: 도째비골스카이밸리 | C59: =VLOOKUP(A59,budget!$A$5:$I$337,3,FALSE) -> 도째비골스카이밸리 | D59: =VLOOKUP(B59,api!$A$2:$R$334,2,FALSE) -> 동해시 | E59: =VLOOKUP(B59,api!$A$2:$R$334,12,FALSE) -> 강원특별자치도 동해시 묵호진동 2-109 | F59: 실외 | G59: =VLOOKUP(A59,budget!$A$5:$I$337,4,FALSE) -> 문화/전람/동굴/전망시설 | J59: =VLOOKUP(A59,budget!$A$5:$I$337,5,FALSE) -> 10:00 - 18:00 (하절기/주말 연장운영) | K59: =VLOOKUP(B59,api!$A$2:$R$334,14,FALSE) -> 033-534-6955 | L59: =VLOOKUP(B59,api!$A$2:$R$334,4,FALSE) -> https://www.dh.go.kr/tour/ | M59: =VLOOKUP(B59,api!$A$2:$R$334,5,FALSE) -> 4.3 | N59: =VLOOKUP(B59,api!$A$2:$R$334,6,FALSE) -> 144 | O59: =VLOOKUP(B59,api!$A$2:$R$334,7,FALSE) -> 472 | P59: =VLOOKUP(A59,budget!$A$5:$I$337,6,FALSE) -> 2000 | Q59: =VLOOKUP(A59,budget!$A$5:$I$337,7,FALSE) -> 10000 | R59: =VLOOKUP(A59,budget!$A$5:$I$337,8,FALSE) -> 대인 관람료 및 전망대/스카이워크 이용료 기준 | S59: =VLOOKUP(A59,budget!$A$5:$I$337,9,FALSE) -> http://place.map.kakao.com/1437031172 | T59: =VLOOKUP(B59,api!$A$2:$R$334,17,FALSE) -> 129.11913 | U59: =VLOOKUP(B59,api!$A$2:$R$334,18,FALSE) -> 37.555255
A60: 10304718 | B60: 동강래프팅 | C60: =VLOOKUP(A60,budget!$A$5:$I$337,3,FALSE) -> 동강래프팅 | D60: =VLOOKUP(B60,api!$A$2:$R$334,2,FALSE) -> 영월군 | E60: =VLOOKUP(B60,api!$A$2:$R$334,12,FALSE) -> 강원특별자치도 영월군 영월읍 삼옥리 234-6 | F60: 실외 | G60: =VLOOKUP(A60,budget!$A$5:$I$337,4,FALSE) -> 체험/액티비티 | J60: =VLOOKUP(A60,budget!$A$5:$I$337,5,FALSE) -> 09:00 - 18:00 (사전예약/상황별 변동) | K60: =VLOOKUP(B60,api!$A$2:$R$334,14,FALSE) -> 1544-7569 | L60: =VLOOKUP(B60,api!$A$2:$R$334,4,FALSE) -> http://rafting24.co.kr/html/index.html | M60: =VLOOKUP(B60,api!$A$2:$R$334,5,FALSE) -> 4.6 | N60: =VLOOKUP(B60,api!$A$2:$R$334,6,FALSE) -> 31 | O60: =VLOOKUP(B60,api!$A$2:$R$334,7,FALSE) -> 395 | P60: =VLOOKUP(A60,budget!$A$5:$I$337,6,FALSE) -> 10000 | Q60: =VLOOKUP(A60,budget!$A$5:$I$337,7,FALSE) -> 35000 | R60: =VLOOKUP(A60,budget!$A$5:$I$337,8,FALSE) -> 1인 승선/체험권 기준 (코스 및 이용 상품에 따라 변동) | S60: =VLOOKUP(A60,budget!$A$5:$I$337,9,FALSE) -> http://place.map.kakao.com/10304718 | T60: =VLOOKUP(B60,api!$A$2:$R$334,17,FALSE) -> 128.51029 | U60: =VLOOKUP(B60,api!$A$2:$R$334,18,FALSE) -> 37.233139
A61: 21426512 | B61: 동강전망자연휴양림 | C61: =VLOOKUP(A61,budget!$A$5:$I$337,3,FALSE) -> 동강전망자연휴양림 | D61: =VLOOKUP(B61,api!$A$2:$R$334,2,FALSE) -> 정선군 | E61: =VLOOKUP(B61,api!$A$2:$R$334,12,FALSE) -> 강원특별자치도 정선군 신동읍 운치리 산 239 | F61: 실외 | G61: =VLOOKUP(A61,budget!$A$5:$I$337,4,FALSE) -> 휴양림/수목원 | H61: AD5 | I61: 숙박 | J61: =VLOOKUP(A61,budget!$A$5:$I$337,5,FALSE) -> 09:00 - 18:00 (화요일/월요일 휴무) | K61: =VLOOKUP(B61,api!$A$2:$R$334,14,FALSE) -> 033-560-3464 | L61: =VLOOKUP(B61,api!$A$2:$R$334,4,FALSE) -> https://jsimc.or.kr/ | M61: =VLOOKUP(B61,api!$A$2:$R$334,5,FALSE) -> 4.4 | N61: =VLOOKUP(B61,api!$A$2:$R$334,6,FALSE) -> 40 | O61: =VLOOKUP(B61,api!$A$2:$R$334,7,FALSE) -> 58 | P61: =VLOOKUP(A61,budget!$A$5:$I$337,6,FALSE) -> 1000 | Q61: =VLOOKUP(A61,budget!$A$5:$I$337,7,FALSE) -> 5000 | R61: =VLOOKUP(A61,budget!$A$5:$I$337,8,FALSE) -> 국공립/민간 휴양림 입장료 기준 (숙박/체험비 제외) | S61: =VLOOKUP(A61,budget!$A$5:$I$337,9,FALSE) -> http://place.map.kakao.com/21426512 | T61: =VLOOKUP(B61,api!$A$2:$R$334,17,FALSE) -> 128.60836 | U61: =VLOOKUP(B61,api!$A$2:$R$334,18,FALSE) -> 37.260834
A62: 1960058011 | B62: 동서강정원 연당원 | C62: =VLOOKUP(A62,budget!$A$5:$I$337,3,FALSE) -> 동서강정원 연당원 | D62: =VLOOKUP(B62,api!$A$2:$R$334,2,FALSE) -> 영월군 | E62: =VLOOKUP(B62,api!$A$2:$R$334,12,FALSE) -> 강원특별자치도 영월군 남면 연당리 865-8 | F62: 실외 | G62: =VLOOKUP(A62,budget!$A$5:$I$337,4,FALSE) -> 자연경관/자유관광지 | J62: =VLOOKUP(A62,budget!$A$5:$I$337,5,FALSE) -> 상시 개방 | K62: =VLOOKUP(B62,api!$A$2:$R$334,14,FALSE) -> 033-372-0545 | L62: =VLOOKUP(B62,api!$A$2:$R$334,4,FALSE) -> https://www.yw.go.kr/tour/index.do#secondPage | M62: =VLOOKUP(B62,api!$A$2:$R$334,5,FALSE) -> 4.5 | N62: =VLOOKUP(B62,api!$A$2:$R$334,6,FALSE) -> 17 | O62: =VLOOKUP(B62,api!$A$2:$R$334,7,FALSE) -> 123 | P62: =VLOOKUP(A62,budget!$A$5:$I$337,6,FALSE) -> 0 | Q62: =VLOOKUP(A62,budget!$A$5:$I$337,7,FALSE) -> 0 | R62: =VLOOKUP(A62,budget!$A$5:$I$337,8,FALSE) -> 상시 무료 관람 (식음료 및 개인소모품비 제외) | S62: =VLOOKUP(A62,budget!$A$5:$I$337,9,FALSE) -> http://place.map.kakao.com/1960058011 | T62: =VLOOKUP(B62,api!$A$2:$R$334,17,FALSE) -> 128.4095 | U62: =VLOOKUP(B62,api!$A$2:$R$334,18,FALSE) -> 37.188468
A63: 27299636 | B63: 동해무릉건강숲 | C63: =VLOOKUP(A63,budget!$A$5:$I$337,3,FALSE) -> 동해무릉건강숲 | D63: =VLOOKUP(B63,api!$A$2:$R$334,2,FALSE) -> 동해시 | E63: =VLOOKUP(B63,api!$A$2:$R$334,12,FALSE) -> 강원특별자치도 동해시 삼화동 861 | F63: 실외 | G63: =VLOOKUP(A63,budget!$A$5:$I$337,4,FALSE) -> 자연경관/자유관광지 | H63: AD5 | I63: 숙박 | J63: =VLOOKUP(A63,budget!$A$5:$I$337,5,FALSE) -> 상시 개방 | K63: =VLOOKUP(B63,api!$A$2:$R$334,14,FALSE) -> 033-530-2391 | L63: =VLOOKUP(B63,api!$A$2:$R$334,4,FALSE) -> https://www.dh.go.kr/forest/ | M63: =VLOOKUP(B63,api!$A$2:$R$334,5,FALSE) -> 4.4 | N63: =VLOOKUP(B63,api!$A$2:$R$334,6,FALSE) -> 19 | O63: =VLOOKUP(B63,api!$A$2:$R$334,7,FALSE) -> 24 | P63: =VLOOKUP(A63,budget!$A$5:$I$337,6,FALSE) -> 0 | Q63: =VLOOKUP(A63,budget!$A$5:$I$337,7,FALSE) -> 0 | R63: =VLOOKUP(A63,budget!$A$5:$I$337,8,FALSE) -> 상시 무료 관람 (식음료 및 개인소모품비 제외) | S63: =VLOOKUP(A63,budget!$A$5:$I$337,9,FALSE) -> http://place.map.kakao.com/27299636 | T63: =VLOOKUP(B63,api!$A$2:$R$334,17,FALSE) -> 129.03124 | U63: =VLOOKUP(B63,api!$A$2:$R$334,18,FALSE) -> 37.465114
A64: 1099711468 | B64: 동화마을수목원 | C64: =VLOOKUP(A64,budget!$A$5:$I$337,3,FALSE) -> 동화마을수목원 | D64: =VLOOKUP(B64,api!$A$2:$R$334,2,FALSE) -> 원주시 | E64: =VLOOKUP(B64,api!$A$2:$R$334,12,FALSE) -> 강원특별자치도 원주시 문막읍 동화리 산 154-1 | F64: 실외 | G64: =VLOOKUP(A64,budget!$A$5:$I$337,4,FALSE) -> 휴양림/수목원 | H64: AT4 | I64: 관광명소 | J64: =VLOOKUP(A64,budget!$A$5:$I$337,5,FALSE) -> 09:00 - 18:00 (하절기) / 09:00 - 17:00 (동절기) | K64: =VLOOKUP(B64,api!$A$2:$R$334,14,FALSE) -> 033-746-8511 | L64: =VLOOKUP(B64,api!$A$2:$R$334,4,FALSE) -> https://www.wonju.go.kr/tour/contents.do?key=5718 | M64: =VLOOKUP(B64,api!$A$2:$R$334,5,FALSE) -> 4.4 | N64: =VLOOKUP(B64,api!$A$2:$R$334,6,FALSE) -> 41 | O64: =VLOOKUP(B64,api!$A$2:$R$334,7,FALSE) -> 183 | P64: =VLOOKUP(A64,budget!$A$5:$I$337,6,FALSE) -> 1000 | Q64: =VLOOKUP(A64,budget!$A$5:$I$337,7,FALSE) -> 5000 | R64: =VLOOKUP(A64,budget!$A$5:$I$337,8,FALSE) -> 국공립/민간 휴양림 입장료 기준 (숙박/체험비 제외) | S64: =VLOOKUP(A64,budget!$A$5:$I$337,9,FALSE) -> http://place.map.kakao.com/1099711468 | T64: =VLOOKUP(B64,api!$A$2:$R$334,17,FALSE) -> 127.8556 | U64: =VLOOKUP(B64,api!$A$2:$R$334,18,FALSE) -> 37.3143
A65: 26274510 | B65: 라디오스타박물관 | C65: =VLOOKUP(A65,budget!$A$5:$I$337,3,FALSE) -> 라디오스타박물관 | D65: =VLOOKUP(B65,api!$A$2:$R$334,2,FALSE) -> 영월군 | E65: =VLOOKUP(B65,api!$A$2:$R$334,12,FALSE) -> 강원특별자치도 영월군 영월읍 영흥리 893-1 | F65: 실내 | G65: =VLOOKUP(A65,budget!$A$5:$I$337,4,FALSE) -> 문화/전람/동굴/전망시설 | H65: CT1 | I65: 문화시설 | J65: =VLOOKUP(A65,budget!$A$5:$I$337,5,FALSE) -> 09:00 - 18:00 (입장마감 17:00, 월요일 휴무) | K65: =VLOOKUP(B65,api!$A$2:$R$334,14,FALSE) -> 033-372-8123 | L65: =VLOOKUP(B65,api!$A$2:$R$334,4,FALSE) -> http://www.radiostar.or.kr/ | M65: =VLOOKUP(B65,api!$A$2:$R$334,5,FALSE) -> 3.9 | N65: =VLOOKUP(B65,api!$A$2:$R$334,6,FALSE) -> 17 | O65: =VLOOKUP(B65,api!$A$2:$R$334,7,FALSE) -> 100 | P65: =VLOOKUP(A65,budget!$A$5:$I$337,6,FALSE) -> 2000 | Q65: =VLOOKUP(A65,budget!$A$5:$I$337,7,FALSE) -> 10000 | R65: =VLOOKUP(A65,budget!$A$5:$I$337,8,FALSE) -> 대인 관람료 및 전망대/스카이워크 이용료 기준 | S65: =VLOOKUP(A65,budget!$A$5:$I$337,9,FALSE) -> http://place.map.kakao.com/26274510 | T65: =VLOOKUP(B65,api!$A$2:$R$334,17,FALSE) -> 128.47687 | U65: =VLOOKUP(B65,api!$A$2:$R$334,18,FALSE) -> 37.185247
A66: 1571203637 | B66: 로미지안 가든 | C66: =VLOOKUP(A66,budget!$A$5:$I$337,3,FALSE) -> 로미지안가든 | D66: =VLOOKUP(B66,api!$A$2:$R$334,2,FALSE) -> 정선군 | E66: =VLOOKUP(B66,api!$A$2:$R$334,12,FALSE) -> 강원특별자치도 정선군 북평면 나전리 산 119 | F66: 실외 | G66: =VLOOKUP(A66,budget!$A$5:$I$337,4,FALSE) -> 테마파크/민간관광지 | H66: AT4 | I66: 관광명소 | J66: =VLOOKUP(A66,budget!$A$5:$I$337,5,FALSE) -> 10:00 - 18:00 (연중무휴/입장마감 17:00) | K66: =VLOOKUP(B66,api!$A$2:$R$334,14,FALSE) -> 02-3288-3377 | L66: =VLOOKUP(B66,api!$A$2:$R$334,4,FALSE) -> https://www.romyziangarden.com/ | M66: =VLOOKUP(B66,api!$A$2:$R$334,5,FALSE) -> 0 | N66: =VLOOKUP(B66,api!$A$2:$R$334,6,FALSE) -> 30 | O66: =VLOOKUP(B66,api!$A$2:$R$334,7,FALSE) -> 47 | P66: =VLOOKUP(A66,budget!$A$5:$I$337,6,FALSE) -> 8000 | Q66: =VLOOKUP(A66,budget!$A$5:$I$337,7,FALSE) -> 20000 | R66: =VLOOKUP(A66,budget!$A$5:$I$337,8,FALSE) -> 대인 정상 입장료 기준 (할인혜택/통합권 따라 변동) | S66: =VLOOKUP(A66,budget!$A$5:$I$337,9,FALSE) -> http://place.map.kakao.com/1571203637 | T66: =VLOOKUP(B66,api!$A$2:$R$334,17,FALSE) -> 128.64112 | U66: =VLOOKUP(B66,api!$A$2:$R$334,18,FALSE) -> 37.43643
A67: 816303389 | B67: 망상오토캠핑리조트 | C67: =VLOOKUP(A67,budget!$A$5:$I$337,3,FALSE) -> 망상오토캠핑리조트 | D67: =VLOOKUP(B67,api!$A$2:$R$334,2,FALSE) -> 동해시 | E67: =VLOOKUP(B67,api!$A$2:$R$334,12,FALSE) -> 강원특별자치도 동해시 망상동 393-39 | F67: 실내 | G67: =VLOOKUP(A67,budget!$A$5:$I$337,4,FALSE) -> 캠핑/숙박시설 | H67: AD5 | I67: 숙박 | J67: =VLOOKUP(A67,budget!$A$5:$I$337,5,FALSE) -> 입실 14:00 / 퇴실 11:00 (상시) | K67: =VLOOKUP(B67,api!$A$2:$R$334,14,FALSE) -> 033-539-3600 | L67: =VLOOKUP(B67,api!$A$2:$R$334,4,FALSE) -> https://www.campingkorea.or.kr/ | M67: =VLOOKUP(B67,api!$A$2:$R$334,5,FALSE) -> 4.7 | N67: =VLOOKUP(B67,api!$A$2:$R$334,6,FALSE) -> 40 | O67: =VLOOKUP(B67,api!$A$2:$R$334,7,FALSE) -> 252 | P67: =VLOOKUP(A67,budget!$A$5:$I$337,6,FALSE) -> 0 | Q67: =VLOOKUP(A67,budget!$A$5:$I$337,7,FALSE) -> 0 | R67: =VLOOKUP(A67,budget!$A$5:$I$337,8,FALSE) -> 시설 이용 고객 대상 (단순 둘러보기/입장 무료) | S67: =VLOOKUP(A67,budget!$A$5:$I$337,9,FALSE) -> http://place.map.kakao.com/816303389 | T67: =VLOOKUP(B67,api!$A$2:$R$334,17,FALSE) -> 129.07846 | U67: =VLOOKUP(B67,api!$A$2:$R$334,18,FALSE) -> 37.600422
A68: 11081458 | B68: 망상해변 | C68: =VLOOKUP(A68,budget!$A$5:$I$337,3,FALSE) -> 망상해변 | D68: =VLOOKUP(B68,api!$A$2:$R$334,2,FALSE) -> 동해시 | E68: =VLOOKUP(B68,api!$A$2:$R$334,12,FALSE) -> 강원특별자치도 동해시 망상동 393-100 | F68: 실외 | G68: =VLOOKUP(A68,budget!$A$5:$I$337,4,FALSE) -> 자연경관/자유관광지 | H68: AT4 | I68: 관광명소 | J68: =VLOOKUP(A68,budget!$A$5:$I$337,5,FALSE) -> 24시간 연중무휴 (자유 방문) | K68: =VLOOKUP(B68,api!$A$2:$R$334,14,FALSE) -> 033-530-2232 | L68: =VLOOKUP(B68,api!$A$2:$R$334,4,FALSE) -> http://www.dh.go.kr/tour/mangsang/ | M68: =VLOOKUP(B68,api!$A$2:$R$334,5,FALSE) -> 4.5 | N68: =VLOOKUP(B68,api!$A$2:$R$334,6,FALSE) -> 123 | O68: =VLOOKUP(B68,api!$A$2:$R$334,7,FALSE) -> 12 | P68: =VLOOKUP(A68,budget!$A$5:$I$337,6,FALSE) -> 0 | Q68: =VLOOKUP(A68,budget!$A$5:$I$337,7,FALSE) -> 0 | R68: =VLOOKUP(A68,budget!$A$5:$I$337,8,FALSE) -> 상시 무료 관람 (식음료 및 개인소모품비 제외) | S68: =VLOOKUP(A68,budget!$A$5:$I$337,9,FALSE) -> http://place.map.kakao.com/11081458 | T68: =VLOOKUP(B68,api!$A$2:$R$334,17,FALSE) -> 129.09047 | U68: =VLOOKUP(B68,api!$A$2:$R$334,18,FALSE) -> 37.593374
A69: 19125936 | B69: 매봉산 바람의 언덕 | C69: =VLOOKUP(A69,budget!$A$5:$I$337,3,FALSE) -> 매봉산 바람의언덕 | D69: =VLOOKUP(B69,api!$A$2:$R$334,2,FALSE) -> 태백시 | E69: =VLOOKUP(B69,api!$A$2:$R$334,12,FALSE) -> 강원특별자치도 태백시 창죽동 9-384 | F69: 실외 | G69: =VLOOKUP(A69,budget!$A$5:$I$337,4,FALSE) -> 자연경관/자유관광지 | J69: =VLOOKUP(A69,budget!$A$5:$I$337,5,FALSE) -> 24시간 연중무휴 (자유 방문) | K69: =VLOOKUP(B69,api!$A$2:$R$334,14,FALSE) -> 033-550-2081 | L69: =VLOOKUP(B69,api!$A$2:$R$334,4,FALSE) -> https://tour.taebaek.go.kr/tour | M69: =VLOOKUP(B69,api!$A$2:$R$334,5,FALSE) -> 4 | N69: =VLOOKUP(B69,api!$A$2:$R$334,6,FALSE) -> 90 | O69: =VLOOKUP(B69,api!$A$2:$R$334,7,FALSE) -> 75 | P69: =VLOOKUP(A69,budget!$A$5:$I$337,6,FALSE) -> 0 | Q69: =VLOOKUP(A69,budget!$A$5:$I$337,7,FALSE) -> 0 | R69: =VLOOKUP(A69,budget!$A$5:$I$337,8,FALSE) -> 상시 무료 관람 (식음료 및 개인소모품비 제외) | S69: =VLOOKUP(A69,budget!$A$5:$I$337,9,FALSE) -> http://place.map.kakao.com/19125936 | T69: =VLOOKUP(B69,api!$A$2:$R$334,17,FALSE) -> 128.96443 | U69: =VLOOKUP(B69,api!$A$2:$R$334,18,FALSE) -> 37.215112
A70: 11250175 | B70: 무릉계곡힐링캠프장 | C70: =VLOOKUP(A70,budget!$A$5:$I$337,3,FALSE) -> 무릉계곡힐링캠프장 | D70: =VLOOKUP(B70,api!$A$2:$R$334,2,FALSE) -> 동해시 | E70: =VLOOKUP(B70,api!$A$2:$R$334,12,FALSE) -> 강원특별자치도 동해시 삼화동 858-10 | F70: 실외 | G70: =VLOOKUP(A70,budget!$A$5:$I$337,4,FALSE) -> 자연경관/자유관광지 | H70: AD5 | I70: 숙박 | J70: =VLOOKUP(A70,budget!$A$5:$I$337,5,FALSE) -> 24시간 연중무휴 (자유 방문) | K70: =VLOOKUP(B70,api!$A$2:$R$334,14,FALSE) -> 033-539-3700 | L70: =VLOOKUP(B70,api!$A$2:$R$334,4,FALSE) -> https://www.mureungvalley.or.kr/ | M70: =VLOOKUP(B70,api!$A$2:$R$334,5,FALSE) -> 3.8 | N70: =VLOOKUP(B70,api!$A$2:$R$334,6,FALSE) -> 10 | O70: =VLOOKUP(B70,api!$A$2:$R$334,7,FALSE) -> 25 | P70: =VLOOKUP(A70,budget!$A$5:$I$337,6,FALSE) -> 0 | Q70: =VLOOKUP(A70,budget!$A$5:$I$337,7,FALSE) -> 0 | R70: =VLOOKUP(A70,budget!$A$5:$I$337,8,FALSE) -> 상시 무료 관람 (식음료 및 개인소모품비 제외) | S70: =VLOOKUP(A70,budget!$A$5:$I$337,9,FALSE) -> http://place.map.kakao.com/11250175 | T70: =VLOOKUP(B70,api!$A$2:$R$334,17,FALSE) -> 129.02729 | U70: =VLOOKUP(B70,api!$A$2:$R$334,18,FALSE) -> 37.464341
A71: 8574564 | B71: 무이예술관 | C71: =VLOOKUP(A71,budget!$A$5:$I$337,3,FALSE) -> 평창무이예술관 | D71: =VLOOKUP(B71,api!$A$2:$R$334,2,FALSE) -> 평창군 | E71: =VLOOKUP(B71,api!$A$2:$R$334,12,FALSE) -> 강원특별자치도 평창군 봉평면 무이리 58 | F71: 실외 | G71: =VLOOKUP(A71,budget!$A$5:$I$337,4,FALSE) -> 자연경관/자유관광지 | H71: CT1 | I71: 문화시설 | J71: =VLOOKUP(A71,budget!$A$5:$I$337,5,FALSE) -> 상시 개방 | K71: =VLOOKUP(B71,api!$A$2:$R$334,14,FALSE) -> 033-335-4118 | L71: =VLOOKUP(B71,api!$A$2:$R$334,4,FALSE) -> https://tour.pc.go.kr/Home/index | M71: =VLOOKUP(B71,api!$A$2:$R$334,5,FALSE) -> 3.3 | N71: =VLOOKUP(B71,api!$A$2:$R$334,6,FALSE) -> 15 | O71: =VLOOKUP(B71,api!$A$2:$R$334,7,FALSE) -> 82 | P71: =VLOOKUP(A71,budget!$A$5:$I$337,6,FALSE) -> 0 | Q71: =VLOOKUP(A71,budget!$A$5:$I$337,7,FALSE) -> 0 | R71: =VLOOKUP(A71,budget!$A$5:$I$337,8,FALSE) -> 상시 무료 관람 (식음료 및 개인소모품비 제외) | S71: =VLOOKUP(A71,budget!$A$5:$I$337,9,FALSE) -> http://place.map.kakao.com/8574564 | T71: =VLOOKUP(B71,api!$A$2:$R$334,17,FALSE) -> 128.34887 | U71: =VLOOKUP(B71,api!$A$2:$R$334,18,FALSE) -> 37.615794
A72: 7880709 | B72: 묵호등대 | C72: =VLOOKUP(A72,budget!$A$5:$I$337,3,FALSE) -> 묵호등대전망대 | D72: =VLOOKUP(B72,api!$A$2:$R$334,2,FALSE) -> 동해시 | E72: =VLOOKUP(B72,api!$A$2:$R$334,12,FALSE) -> 강원특별자치도 동해시 묵호진동 2-215 | F72: 실외 | G72: =VLOOKUP(A72,budget!$A$5:$I$337,4,FALSE) -> 자연경관/자유관광지 | H72: AT4 | I72: 관광명소 | J72: =VLOOKUP(A72,budget!$A$5:$I$337,5,FALSE) -> 상시 개방 | K72: =VLOOKUP(B72,api!$A$2:$R$334,14,FALSE) -> 0 | L72: =VLOOKUP(B72,api!$A$2:$R$334,4,FALSE) -> https://www.dh.go.kr/tour/index.htm | M72: =VLOOKUP(B72,api!$A$2:$R$334,5,FALSE) -> 4.2 | N72: =VLOOKUP(B72,api!$A$2:$R$334,6,FALSE) -> 73 | O72: =VLOOKUP(B72,api!$A$2:$R$334,7,FALSE) -> 7 | P72: =VLOOKUP(A72,budget!$A$5:$I$337,6,FALSE) -> 0 | Q72: =VLOOKUP(A72,budget!$A$5:$I$337,7,FALSE) -> 0 | R72: =VLOOKUP(A72,budget!$A$5:$I$337,8,FALSE) -> 상시 무료 관람 (식음료 및 개인소모품비 제외) | S72: =VLOOKUP(A72,budget!$A$5:$I$337,9,FALSE) -> http://place.map.kakao.com/7880709 | T72: =VLOOKUP(B72,api!$A$2:$R$334,17,FALSE) -> 129.11861 | U72: =VLOOKUP(B72,api!$A$2:$R$334,18,FALSE) -> 37.554501
A73: 1294246909 | B73: 문치재전망대 | C73: =VLOOKUP(A73,budget!$A$5:$I$337,3,FALSE) -> 문치재전망대 | D73: =VLOOKUP(B73,api!$A$2:$R$334,2,FALSE) -> 정선군 | E73: =VLOOKUP(B73,api!$A$2:$R$334,12,FALSE) -> 강원특별자치도 정선군 화암면 북동리 107-1 | F73: 실외 | G73: =VLOOKUP(A73,budget!$A$5:$I$337,4,FALSE) -> 자연경관/자유관광지 | H73: AT4 | I73: 관광명소 | J73: =VLOOKUP(A73,budget!$A$5:$I$337,5,FALSE) -> 24시간 연중무휴 (자유 방문) | K73: =VLOOKUP(B73,api!$A$2:$R$334,14,FALSE) -> 0 | L73: =VLOOKUP(B73,api!$A$2:$R$334,4,FALSE) -> 0 | M73: =VLOOKUP(B73,api!$A$2:$R$334,5,FALSE) -> 4.2 | N73: =VLOOKUP(B73,api!$A$2:$R$334,6,FALSE) -> 10 | O73: =VLOOKUP(B73,api!$A$2:$R$334,7,FALSE) -> 12 | P73: =VLOOKUP(A73,budget!$A$5:$I$337,6,FALSE) -> 0 | Q73: =VLOOKUP(A73,budget!$A$5:$I$337,7,FALSE) -> 0 | R73: =VLOOKUP(A73,budget!$A$5:$I$337,8,FALSE) -> 상시 무료 관람 (식음료 및 개인소모품비 제외) | S73: =VLOOKUP(A73,budget!$A$5:$I$337,9,FALSE) -> http://place.map.kakao.com/1294246909 | T73: =VLOOKUP(B73,api!$A$2:$R$334,17,FALSE) -> 128.79844 | U73: =VLOOKUP(B73,api!$A$2:$R$334,18,FALSE) -> 37.365756
A74: 21674777 | B74: 뮤지엄산 | C74: =VLOOKUP(A74,budget!$A$5:$I$337,3,FALSE) -> 뮤지엄산 | D74: =VLOOKUP(B74,api!$A$2:$R$334,2,FALSE) -> 원주시 | E74: =VLOOKUP(B74,api!$A$2:$R$334,12,FALSE) -> 강원특별자치도 원주시 지정면 월송리 999-13 | F74: 실외 | G74: =VLOOKUP(A74,budget!$A$5:$I$337,4,FALSE) -> 자연경관/자유관광지 | H74: CT1 | I74: 문화시설 | J74: =VLOOKUP(A74,budget!$A$5:$I$337,5,FALSE) -> 24시간 연중무휴 (자유 방문) | K74: =VLOOKUP(B74,api!$A$2:$R$334,14,FALSE) -> 033-730-9000 | L74: =VLOOKUP(B74,api!$A$2:$R$334,4,FALSE) -> http://www.museumsan.org/ | M74: =VLOOKUP(B74,api!$A$2:$R$334,5,FALSE) -> 3.9 | N74: =VLOOKUP(B74,api!$A$2:$R$334,6,FALSE) -> 271 | O74: =VLOOKUP(B74,api!$A$2:$R$334,7,FALSE) -> 1220 | P74: =VLOOKUP(A74,budget!$A$5:$I$337,6,FALSE) -> 0 | Q74: =VLOOKUP(A74,budget!$A$5:$I$337,7,FALSE) -> 0 | R74: =VLOOKUP(A74,budget!$A$5:$I$337,8,FALSE) -> 상시 무료 관람 (식음료 및 개인소모품비 제외) | S74: =VLOOKUP(A74,budget!$A$5:$I$337,9,FALSE) -> http://place.map.kakao.com/21674777 | T74: =VLOOKUP(B74,api!$A$2:$R$334,17,FALSE) -> 127.82371 | U74: =VLOOKUP(B74,api!$A$2:$R$334,18,FALSE) -> 37.415353
A75: 27584256 | B75: 미로예술 원주중앙시장 | C75: =VLOOKUP(A75,budget!$A$5:$I$337,3,FALSE) -> 미로예술 원주중앙시장 | D75: =VLOOKUP(B75,api!$A$2:$R$334,2,FALSE) -> 원주시 | E75: =VLOOKUP(B75,api!$A$2:$R$334,12,FALSE) -> 강원특별자치도 원주시 중앙동 276 | F75: 실내 | G75: =VLOOKUP(A75,budget!$A$5:$I$337,4,FALSE) -> 자연경관/자유관광지 | J75: =VLOOKUP(A75,budget!$A$5:$I$337,5,FALSE) -> 24시간 연중무휴 (자유 방문) | K75: =VLOOKUP(B75,api!$A$2:$R$334,14,FALSE) -> 033-743-2570 | L75: =VLOOKUP(B75,api!$A$2:$R$334,4,FALSE) -> https://www.instagram.com/miroart_market/?igshid=YmMyMTA2M2Y= | M75: =VLOOKUP(B75,api!$A$2:$R$334,5,FALSE) -> 3.9 | N75: =VLOOKUP(B75,api!$A$2:$R$334,6,FALSE) -> 54 | O75: =VLOOKUP(B75,api!$A$2:$R$334,7,FALSE) -> 59 | P75: =VLOOKUP(A75,budget!$A$5:$I$337,6,FALSE) -> 0 | Q75: =VLOOKUP(A75,budget!$A$5:$I$337,7,FALSE) -> 0 | R75: =VLOOKUP(A75,budget!$A$5:$I$337,8,FALSE) -> 상시 무료 관람 (식음료 및 개인소모품비 제외) | S75: =VLOOKUP(A75,budget!$A$5:$I$337,9,FALSE) -> http://place.map.kakao.com/27584256 | T75: =VLOOKUP(B75,api!$A$2:$R$334,17,FALSE) -> 127.94947 | U75: =VLOOKUP(B75,api!$A$2:$R$334,18,FALSE) -> 37.349748
A76: 7887114 | B76: 민둥산 | C76: =VLOOKUP(A76,budget!$A$5:$I$337,3,FALSE) -> 민둥산 | D76: =VLOOKUP(B76,api!$A$2:$R$334,2,FALSE) -> 정선군 | E76: =VLOOKUP(B76,api!$A$2:$R$334,12,FALSE) -> 강원특별자치도 정선군 남면 무릉리 | F76: 실외 | G76: =VLOOKUP(A76,budget!$A$5:$I$337,4,FALSE) -> 자연경관/자유관광지 | H76: AT4 | I76: 관광명소 | J76: =VLOOKUP(A76,budget!$A$5:$I$337,5,FALSE) -> 24시간 연중무휴 (자유 방문) | K76: =VLOOKUP(B76,api!$A$2:$R$334,14,FALSE) -> 0 | L76: =VLOOKUP(B76,api!$A$2:$R$334,4,FALSE) -> https://www.jeongseon.go.kr/tour | M76: =VLOOKUP(B76,api!$A$2:$R$334,5,FALSE) -> 4.6 | N76: =VLOOKUP(B76,api!$A$2:$R$334,6,FALSE) -> 127 | O76: =VLOOKUP(B76,api!$A$2:$R$334,7,FALSE) -> 619 | P76: =VLOOKUP(A76,budget!$A$5:$I$337,6,FALSE) -> 0 | Q76: =VLOOKUP(A76,budget!$A$5:$I$337,7,FALSE) -> 0 | R76: =VLOOKUP(A76,budget!$A$5:$I$337,8,FALSE) -> 상시 무료 관람 (식음료 및 개인소모품비 제외) | S76: =VLOOKUP(A76,budget!$A$5:$I$337,9,FALSE) -> http://place.map.kakao.com/7887114 | T76: =VLOOKUP(B76,api!$A$2:$R$334,17,FALSE) -> 128.77486 | U76: =VLOOKUP(B76,api!$A$2:$R$334,18,FALSE) -> 37.271066
A77: 10399968 | B77: 박경리 문학공원 | C77: =VLOOKUP(A77,budget!$A$5:$I$337,3,FALSE) -> 박경리문학공원 | D77: =VLOOKUP(B77,api!$A$2:$R$334,2,FALSE) -> 원주시 | E77: =VLOOKUP(B77,api!$A$2:$R$334,12,FALSE) -> 강원특별자치도 원주시 단구동 1620-5 | F77: 실외 | G77: =VLOOKUP(A77,budget!$A$5:$I$337,4,FALSE) -> 자연경관/자유관광지 | J77: =VLOOKUP(A77,budget!$A$5:$I$337,5,FALSE) -> 24시간 연중무휴 (자유 방문) | K77: =VLOOKUP(B77,api!$A$2:$R$334,14,FALSE) -> 033-762-6843 | L77: =VLOOKUP(B77,api!$A$2:$R$334,4,FALSE) -> https://www.wonju.go.kr/tojipark/index.do | M77: =VLOOKUP(B77,api!$A$2:$R$334,5,FALSE) -> 4.2 | N77: =VLOOKUP(B77,api!$A$2:$R$334,6,FALSE) -> 12 | O77: =VLOOKUP(B77,api!$A$2:$R$334,7,FALSE) -> 132 | P77: =VLOOKUP(A77,budget!$A$5:$I$337,6,FALSE) -> 0 | Q77: =VLOOKUP(A77,budget!$A$5:$I$337,7,FALSE) -> 0 | R77: =VLOOKUP(A77,budget!$A$5:$I$337,8,FALSE) -> 상시 무료 관람 (식음료 및 개인소모품비 제외) | S77: =VLOOKUP(A77,budget!$A$5:$I$337,9,FALSE) -> http://place.map.kakao.com/10399968 | T77: =VLOOKUP(B77,api!$A$2:$R$334,17,FALSE) -> 127.95943 | U77: =VLOOKUP(B77,api!$A$2:$R$334,18,FALSE) -> 37.32227
A78: 12463854 | B78: 박수근 미술관 | C78: =VLOOKUP(A78,budget!$A$5:$I$337,3,FALSE) -> 박수근미술관 | D78: =VLOOKUP(B78,api!$A$2:$R$334,2,FALSE) -> 양구군 | E78: =VLOOKUP(B78,api!$A$2:$R$334,12,FALSE) -> 강원특별자치도 양구군 양구읍 정림리 131-1 | F78: 실내 | G78: =VLOOKUP(A78,budget!$A$5:$I$337,4,FALSE) -> 문화/전람/동굴/전망시설 | H78: CT1 | I78: 문화시설 | J78: =VLOOKUP(A78,budget!$A$5:$I$337,5,FALSE) -> 09:00 - 18:00 (입장마감 17:00, 월요일 휴무) | K78: =VLOOKUP(B78,api!$A$2:$R$334,14,FALSE) -> 033-480-7228 | L78: =VLOOKUP(B78,api!$A$2:$R$334,4,FALSE) -> http://www.parksookeun.or.kr/ | M78: =VLOOKUP(B78,api!$A$2:$R$334,5,FALSE) -> 4.3 | N78: =VLOOKUP(B78,api!$A$2:$R$334,6,FALSE) -> 34 | O78: =VLOOKUP(B78,api!$A$2:$R$334,7,FALSE) -> 51 | P78: =VLOOKUP(A78,budget!$A$5:$I$337,6,FALSE) -> 2000 | Q78: =VLOOKUP(A78,budget!$A$5:$I$337,7,FALSE) -> 10000 | R78: =VLOOKUP(A78,budget!$A$5:$I$337,8,FALSE) -> 대인 관람료 및 전망대/스카이워크 이용료 기준 | S78: =VLOOKUP(A78,budget!$A$5:$I$337,9,FALSE) -> http://place.map.kakao.com/12463854 | T78: =VLOOKUP(B78,api!$A$2:$R$334,17,FALSE) -> 127.98159 | U78: =VLOOKUP(B78,api!$A$2:$R$334,18,FALSE) -> 38.096457
A79: 18605694 | B79: 박인환문학관 | C79: =VLOOKUP(A79,budget!$A$5:$I$337,3,FALSE) -> 박인환문학관 | D79: =VLOOKUP(B79,api!$A$2:$R$334,2,FALSE) -> 인제군 | E79: =VLOOKUP(B79,api!$A$2:$R$334,12,FALSE) -> 강원특별자치도 인제군 인제읍 상동리 415-1 | F79: 실내 | G79: =VLOOKUP(A79,budget!$A$5:$I$337,4,FALSE) -> 국공립 박물관/기념관 | H79: CT1 | I79: 문화시설 | J79: =VLOOKUP(A79,budget!$A$5:$I$337,5,FALSE) -> 09:00 - 18:00 (월요일 휴무) | K79: =VLOOKUP(B79,api!$A$2:$R$334,14,FALSE) -> 033-462-2086 | L79: =VLOOKUP(B79,api!$A$2:$R$334,4,FALSE) -> 0 | M79: =VLOOKUP(B79,api!$A$2:$R$334,5,FALSE) -> 3.8 | N79: =VLOOKUP(B79,api!$A$2:$R$334,6,FALSE) -> 11 | O79: =VLOOKUP(B79,api!$A$2:$R$334,7,FALSE) -> 93 | P79: =VLOOKUP(A79,budget!$A$5:$I$337,6,FALSE) -> 0 | Q79: =VLOOKUP(A79,budget!$A$5:$I$337,7,FALSE) -> 3000 | R79: =VLOOKUP(A79,budget!$A$5:$I$337,8,FALSE) -> 국공립 시설 무료 관람 또는 대인 기준 정가 | S79: =VLOOKUP(A79,budget!$A$5:$I$337,9,FALSE) -> http://place.map.kakao.com/18605694 | T79: =VLOOKUP(B79,api!$A$2:$R$334,17,FALSE) -> 128.17129 | U79: =VLOOKUP(B79,api!$A$2:$R$334,18,FALSE) -> 38.062364
A80: 8312554 | B80: 반계리 은행나무 | C80: =VLOOKUP(A80,budget!$A$5:$I$337,3,FALSE) -> 반계리 은행나무 | D80: =VLOOKUP(B80,api!$A$2:$R$334,2,FALSE) -> 원주시 | E80: =VLOOKUP(B80,api!$A$2:$R$334,12,FALSE) -> 강원특별자치도 원주시 문막읍 반계리 1495-1 | F80: 실외 | G80: =VLOOKUP(A80,budget!$A$5:$I$337,4,FALSE) -> 자연경관/자유관광지 | J80: =VLOOKUP(A80,budget!$A$5:$I$337,5,FALSE) -> 상시 개방 | K80: =VLOOKUP(B80,api!$A$2:$R$334,14,FALSE) -> 0 | L80: =VLOOKUP(B80,api!$A$2:$R$334,4,FALSE) -> https://www.wonju.go.kr/tour/index.do | M80: =VLOOKUP(B80,api!$A$2:$R$334,5,FALSE) -> 4.6 | N80: =VLOOKUP(B80,api!$A$2:$R$334,6,FALSE) -> 245 | O80: =VLOOKUP(B80,api!$A$2:$R$334,7,FALSE) -> 613 | P80: =VLOOKUP(A80,budget!$A$5:$I$337,6,FALSE) -> 0 | Q80: =VLOOKUP(A80,budget!$A$5:$I$337,7,FALSE) -> 0 | R80: =VLOOKUP(A80,budget!$A$5:$I$337,8,FALSE) -> 상시 무료 관람 (식음료 및 개인소모품비 제외) | S80: =VLOOKUP(A80,budget!$A$5:$I$337,9,FALSE) -> http://place.map.kakao.com/8312554 | T80: =VLOOKUP(B80,api!$A$2:$R$334,17,FALSE) -> 127.78843 | U80: =VLOOKUP(B80,api!$A$2:$R$334,18,FALSE) -> 37.29425
A81: 7887560 | B81: 반곡역 폐역 | C81: =VLOOKUP(A81,budget!$A$5:$I$337,3,FALSE) -> 반곡역 (폐역) | D81: =VLOOKUP(B81,api!$A$2:$R$334,2,FALSE) -> 원주시 | E81: =VLOOKUP(B81,api!$A$2:$R$334,12,FALSE) -> 강원특별자치도 원주시 반곡동 154 | F81: 실외 | G81: =VLOOKUP(A81,budget!$A$5:$I$337,4,FALSE) -> 자연경관/자유관광지 | J81: =VLOOKUP(A81,budget!$A$5:$I$337,5,FALSE) -> 상시 개방 | K81: =VLOOKUP(B81,api!$A$2:$R$334,14,FALSE) -> 0 | L81: =VLOOKUP(B81,api!$A$2:$R$334,4,FALSE) -> https://www.wonju.go.kr/tour/index.do | M81: =VLOOKUP(B81,api!$A$2:$R$334,5,FALSE) -> 4.5 | N81: =VLOOKUP(B81,api!$A$2:$R$334,6,FALSE) -> 17 | O81: =VLOOKUP(B81,api!$A$2:$R$334,7,FALSE) -> 21 | P81: =VLOOKUP(A81,budget!$A$5:$I$337,6,FALSE) -> 0 | Q81: =VLOOKUP(A81,budget!$A$5:$I$337,7,FALSE) -> 0 | R81: =VLOOKUP(A81,budget!$A$5:$I$337,8,FALSE) -> 상시 무료 관람 (식음료 및 개인소모품비 제외) | S81: =VLOOKUP(A81,budget!$A$5:$I$337,9,FALSE) -> http://place.map.kakao.com/7887560 | T81: =VLOOKUP(B81,api!$A$2:$R$334,17,FALSE) -> 127.99439 | U81: =VLOOKUP(B81,api!$A$2:$R$334,18,FALSE) -> 37.322951
A82: 8316285 | B82: 방태산자연휴양림 | C82: =VLOOKUP(A82,budget!$A$5:$I$337,3,FALSE) -> 국립방태산자연휴양림 | D82: =VLOOKUP(B82,api!$A$2:$R$334,2,FALSE) -> 인제군 | E82: =VLOOKUP(B82,api!$A$2:$R$334,12,FALSE) -> 강원특별자치도 인제군 기린면 방동리 산 282-1 | F82: 실외 | G82: =VLOOKUP(A82,budget!$A$5:$I$337,4,FALSE) -> 휴양림/수목원 | H82: AT4 | I82: 관광명소 | J82: =VLOOKUP(A82,budget!$A$5:$I$337,5,FALSE) -> 09:00 - 18:00 (화요일/월요일 휴무) | K82: =VLOOKUP(B82,api!$A$2:$R$334,14,FALSE) -> 033-463-8590 | L82: =VLOOKUP(B82,api!$A$2:$R$334,4,FALSE) -> https://www.foresttrip.go.kr/indvz/main.do?hmpgId=0109 | M82: =VLOOKUP(B82,api!$A$2:$R$334,5,FALSE) -> 3.8 | N82: =VLOOKUP(B82,api!$A$2:$R$334,6,FALSE) -> 19 | O82: =VLOOKUP(B82,api!$A$2:$R$334,7,FALSE) -> 25 | P82: =VLOOKUP(A82,budget!$A$5:$I$337,6,FALSE) -> 1000 | Q82: =VLOOKUP(A82,budget!$A$5:$I$337,7,FALSE) -> 5000 | R82: =VLOOKUP(A82,budget!$A$5:$I$337,8,FALSE) -> 국공립/민간 휴양림 입장료 기준 (숙박/체험비 제외) | S82: =VLOOKUP(A82,budget!$A$5:$I$337,9,FALSE) -> http://place.map.kakao.com/8316285 | T82: =VLOOKUP(B82,api!$A$2:$R$334,17,FALSE) -> 128.40082 | U82: =VLOOKUP(B82,api!$A$2:$R$334,18,FALSE) -> 37.921465
A83: 11065471 | B83: 백담사 | C83: =VLOOKUP(A83,budget!$A$5:$I$337,3,FALSE) -> 백담사 | D83: =VLOOKUP(B83,api!$A$2:$R$334,2,FALSE) -> 인제군 | E83: =VLOOKUP(B83,api!$A$2:$R$334,12,FALSE) -> 강원특별자치도 인제군 북면 용대리 산 62 | F83: 실외 | G83: =VLOOKUP(A83,budget!$A$5:$I$337,4,FALSE) -> 자연경관/자유관광지 | J83: =VLOOKUP(A83,budget!$A$5:$I$337,5,FALSE) -> 05:00 - 18:00 (일몰 시까지) | K83: =VLOOKUP(B83,api!$A$2:$R$334,14,FALSE) -> 033-462-5565 | L83: =VLOOKUP(B83,api!$A$2:$R$334,4,FALSE) -> 0 | M83: =VLOOKUP(B83,api!$A$2:$R$334,5,FALSE) -> 3.4 | N83: =VLOOKUP(B83,api!$A$2:$R$334,6,FALSE) -> 80 | O83: =VLOOKUP(B83,api!$A$2:$R$334,7,FALSE) -> 215 | P83: =VLOOKUP(A83,budget!$A$5:$I$337,6,FALSE) -> 0 | Q83: =VLOOKUP(A83,budget!$A$5:$I$337,7,FALSE) -> 0 | R83: =VLOOKUP(A83,budget!$A$5:$I$337,8,FALSE) -> 상시 무료 관람 (식음료 및 개인소모품비 제외) | S83: =VLOOKUP(A83,budget!$A$5:$I$337,9,FALSE) -> http://place.map.kakao.com/11065471 | T83: =VLOOKUP(B83,api!$A$2:$R$334,17,FALSE) -> 128.37379 | U83: =VLOOKUP(B83,api!$A$2:$R$334,18,FALSE) -> 38.164963
A84: 1905804128 | B84: 백섬해상전망대 | C84: =VLOOKUP(A84,budget!$A$5:$I$337,3,FALSE) -> 백섬해상전망대 | D84: =VLOOKUP(B84,api!$A$2:$R$334,2,FALSE) -> 고성군 | E84: =VLOOKUP(B84,api!$A$2:$R$334,12,FALSE) -> 강원특별자치도 고성군 거진읍 거진리 산 105 | F84: 실외 | G84: =VLOOKUP(A84,budget!$A$5:$I$337,4,FALSE) -> 자연경관/자유관광지 | H84: AT4 | I84: 관광명소 | J84: =VLOOKUP(A84,budget!$A$5:$I$337,5,FALSE) -> 24시간 연중무휴 (자유 방문) | K84: =VLOOKUP(B84,api!$A$2:$R$334,14,FALSE) -> 0 | L84: =VLOOKUP(B84,api!$A$2:$R$334,4,FALSE) -> https://www.gwgs.go.kr/tour/index.do | M84: =VLOOKUP(B84,api!$A$2:$R$334,5,FALSE) -> 4.5 | N84: =VLOOKUP(B84,api!$A$2:$R$334,6,FALSE) -> 37 | O84: =VLOOKUP(B84,api!$A$2:$R$334,7,FALSE) -> 215 | P84: =VLOOKUP(A84,budget!$A$5:$I$337,6,FALSE) -> 0 | Q84: =VLOOKUP(A84,budget!$A$5:$I$337,7,FALSE) -> 0 | R84: =VLOOKUP(A84,budget!$A$5:$I$337,8,FALSE) -> 상시 무료 관람 (식음료 및 개인소모품비 제외) | S84: =VLOOKUP(A84,budget!$A$5:$I$337,9,FALSE) -> http://place.map.kakao.com/1905804128 | T84: =VLOOKUP(B84,api!$A$2:$R$334,17,FALSE) -> 128.46832 | U84: =VLOOKUP(B84,api!$A$2:$R$334,18,FALSE) -> 38.450244
A85: 1427819338 | B85: 백암산케이블카 | C85: =VLOOKUP(A85,budget!$A$5:$I$337,3,FALSE) -> 백암산케이블카 | D85: =VLOOKUP(B85,api!$A$2:$R$334,2,FALSE) -> 화천군 | E85: =VLOOKUP(B85,api!$A$2:$R$334,12,FALSE) -> 강원특별자치도 화천군 화천읍 하리 43-53 | F85: 실외 | G85: =VLOOKUP(A85,budget!$A$5:$I$337,4,FALSE) -> 체험/액티비티 | J85: =VLOOKUP(A85,budget!$A$5:$I$337,5,FALSE) -> 09:00 - 18:00 (매표마감 17:00) | K85: =VLOOKUP(B85,api!$A$2:$R$334,14,FALSE) -> 0507-1361-2708 | L85: =VLOOKUP(B85,api!$A$2:$R$334,4,FALSE) -> https://baegamcable.ihc.go.kr/portal | M85: =VLOOKUP(B85,api!$A$2:$R$334,5,FALSE) -> 2 | N85: =VLOOKUP(B85,api!$A$2:$R$334,6,FALSE) -> 7 | O85: =VLOOKUP(B85,api!$A$2:$R$334,7,FALSE) -> 1 | P85: =VLOOKUP(A85,budget!$A$5:$I$337,6,FALSE) -> 10000 | Q85: =VLOOKUP(A85,budget!$A$5:$I$337,7,FALSE) -> 35000 | R85: =VLOOKUP(A85,budget!$A$5:$I$337,8,FALSE) -> 1인 승선/체험권 기준 (코스 및 이용 상품에 따라 변동) | S85: =VLOOKUP(A85,budget!$A$5:$I$337,9,FALSE) -> http://place.map.kakao.com/1427819338 | T85: =VLOOKUP(B85,api!$A$2:$R$334,17,FALSE) -> 127.70429 | U85: =VLOOKUP(B85,api!$A$2:$R$334,18,FALSE) -> 38.104468
A86: 15280358 | B86: 별마로천문대 | C86: =VLOOKUP(A86,budget!$A$5:$I$337,3,FALSE) -> 별마로천문대 | D86: =VLOOKUP(B86,api!$A$2:$R$334,2,FALSE) -> 영월군 | E86: =VLOOKUP(B86,api!$A$2:$R$334,12,FALSE) -> 강원특별자치도 영월군 영월읍 영흥리 154-3 | F86: 실내 | G86: =VLOOKUP(A86,budget!$A$5:$I$337,4,FALSE) -> 문화/전람/동굴/전망시설 | H86: AT4 | I86: 관광명소 | J86: =VLOOKUP(A86,budget!$A$5:$I$337,5,FALSE) -> 09:00 - 18:00 (입장마감 17:00, 월요일 휴무) | K86: =VLOOKUP(B86,api!$A$2:$R$334,14,FALSE) -> 033-372-8445 | L86: =VLOOKUP(B86,api!$A$2:$R$334,4,FALSE) -> https://www.yao.or.kr:451/ | M86: =VLOOKUP(B86,api!$A$2:$R$334,5,FALSE) -> 4.5 | N86: =VLOOKUP(B86,api!$A$2:$R$334,6,FALSE) -> 95 | O86: =VLOOKUP(B86,api!$A$2:$R$334,7,FALSE) -> 185 | P86: =VLOOKUP(A86,budget!$A$5:$I$337,6,FALSE) -> 2000 | Q86: =VLOOKUP(A86,budget!$A$5:$I$337,7,FALSE) -> 10000 | R86: =VLOOKUP(A86,budget!$A$5:$I$337,8,FALSE) -> 대인 관람료 및 전망대/스카이워크 이용료 기준 | S86: =VLOOKUP(A86,budget!$A$5:$I$337,9,FALSE) -> http://place.map.kakao.com/15280358 | T86: =VLOOKUP(B86,api!$A$2:$R$334,17,FALSE) -> 128.48678 | U86: =VLOOKUP(B86,api!$A$2:$R$334,18,FALSE) -> 37.198329
A87: 17305177 | B87: 병방치 스카이워크 | C87: =VLOOKUP(A87,budget!$A$5:$I$337,3,FALSE) -> 병방치 스카이워크 | D87: =VLOOKUP(B87,api!$A$2:$R$334,2,FALSE) -> 정선군 | E87: =VLOOKUP(B87,api!$A$2:$R$334,12,FALSE) -> 강원특별자치도 정선군 정선읍 귤암리 산 200-6 | F87: 실외 | G87: =VLOOKUP(A87,budget!$A$5:$I$337,4,FALSE) -> 문화/전람/동굴/전망시설 | H87: AT4 | I87: 관광명소 | J87: =VLOOKUP(A87,budget!$A$5:$I$337,5,FALSE) -> 10:00 - 18:00 (하절기/주말 연장운영) | K87: =VLOOKUP(B87,api!$A$2:$R$334,14,FALSE) -> 033-563-4100 | L87: =VLOOKUP(B87,api!$A$2:$R$334,4,FALSE) -> https://www.ariihills.co.kr/ | M87: =VLOOKUP(B87,api!$A$2:$R$334,5,FALSE) -> 3.2 | N87: =VLOOKUP(B87,api!$A$2:$R$334,6,FALSE) -> 75 | O87: =VLOOKUP(B87,api!$A$2:$R$334,7,FALSE) -> 117 | P87: =VLOOKUP(A87,budget!$A$5:$I$337,6,FALSE) -> 2000 | Q87: =VLOOKUP(A87,budget!$A$5:$I$337,7,FALSE) -> 10000 | R87: =VLOOKUP(A87,budget!$A$5:$I$337,8,FALSE) -> 대인 관람료 및 전망대/스카이워크 이용료 기준 | S87: =VLOOKUP(A87,budget!$A$5:$I$337,9,FALSE) -> http://place.map.kakao.com/17305177 | T87: =VLOOKUP(B87,api!$A$2:$R$334,17,FALSE) -> 128.6355 | U87: =VLOOKUP(B87,api!$A$2:$R$334,18,FALSE) -> 37.36208
A88: 21054698 | B88: 병지방오토캠핑장 | C88: =VLOOKUP(A88,budget!$A$5:$I$337,3,FALSE) -> 병지방오토캠핑장 | D88: =VLOOKUP(B88,api!$A$2:$R$334,2,FALSE) -> 횡성군 | E88: =VLOOKUP(B88,api!$A$2:$R$334,12,FALSE) -> 강원특별자치도 횡성군 갑천면 병지방리 540-4 | F88: 실외 | G88: =VLOOKUP(A88,budget!$A$5:$I$337,4,FALSE) -> 캠핑/숙박시설 | H88: AD5 | I88: 숙박 | J88: =VLOOKUP(A88,budget!$A$5:$I$337,5,FALSE) -> 입실 14:00 / 퇴실 11:00 (상시) | K88: =VLOOKUP(B88,api!$A$2:$R$334,14,FALSE) -> 033-343-7639 | L88: =VLOOKUP(B88,api!$A$2:$R$334,4,FALSE) -> http://xn--vh3b1l64u9pb68d9xkusfbqi.kr/ | M88: =VLOOKUP(B88,api!$A$2:$R$334,5,FALSE) -> 3.6 | N88: =VLOOKUP(B88,api!$A$2:$R$334,6,FALSE) -> 11 | O88: =VLOOKUP(B88,api!$A$2:$R$334,7,FALSE) -> 20 | P88: =VLOOKUP(A88,budget!$A$5:$I$337,6,FALSE) -> 0 | Q88: =VLOOKUP(A88,budget!$A$5:$I$337,7,FALSE) -> 0 | R88: =VLOOKUP(A88,budget!$A$5:$I$337,8,FALSE) -> 시설 이용 고객 대상 (단순 둘러보기/입장 무료) | S88: =VLOOKUP(A88,budget!$A$5:$I$337,9,FALSE) -> http://place.map.kakao.com/21054698 | T88: =VLOOKUP(B88,api!$A$2:$R$334,17,FALSE) -> 128.05752 | U88: =VLOOKUP(B88,api!$A$2:$R$334,18,FALSE) -> 37.59381
A89: 11057558 | B89: 봉수대해변 | C89: =VLOOKUP(A89,budget!$A$5:$I$337,3,FALSE) -> 봉수대해변 | D89: =VLOOKUP(B89,api!$A$2:$R$334,2,FALSE) -> 고성군 | E89: =VLOOKUP(B89,api!$A$2:$R$334,12,FALSE) -> 강원특별자치도 고성군 죽왕면 오호리 68-10 | F89: 실외 | G89: =VLOOKUP(A89,budget!$A$5:$I$337,4,FALSE) -> 자연경관/자유관광지 | H89: AT4 | I89: 관광명소 | J89: =VLOOKUP(A89,budget!$A$5:$I$337,5,FALSE) -> 24시간 연중무휴 (자유 방문) | K89: =VLOOKUP(B89,api!$A$2:$R$334,14,FALSE) -> 0 | L89: =VLOOKUP(B89,api!$A$2:$R$334,4,FALSE) -> https://www.gwgs.go.kr/tour/index.do | M89: =VLOOKUP(B89,api!$A$2:$R$334,5,FALSE) -> 4.8 | N89: =VLOOKUP(B89,api!$A$2:$R$334,6,FALSE) -> 14 | O89: =VLOOKUP(B89,api!$A$2:$R$334,7,FALSE) -> 3 | P89: =VLOOKUP(A89,budget!$A$5:$I$337,6,FALSE) -> 0 | Q89: =VLOOKUP(A89,budget!$A$5:$I$337,7,FALSE) -> 0 | R89: =VLOOKUP(A89,budget!$A$5:$I$337,8,FALSE) -> 상시 무료 관람 (식음료 및 개인소모품비 제외) | S89: =VLOOKUP(A89,budget!$A$5:$I$337,9,FALSE) -> http://place.map.kakao.com/11057558 | T89: =VLOOKUP(B89,api!$A$2:$R$334,17,FALSE) -> 128.52743 | U89: =VLOOKUP(B89,api!$A$2:$R$334,18,FALSE) -> 38.323892
A90: 18525008 | B90: 봉평전통시장 | C90: =VLOOKUP(A90,budget!$A$5:$I$337,3,FALSE) -> 봉평전통시장 | D90: =VLOOKUP(B90,api!$A$2:$R$334,2,FALSE) -> 평창군 | E90: =VLOOKUP(B90,api!$A$2:$R$334,12,FALSE) -> 강원특별자치도 평창군 봉평면 창동리 280-6 | F90: 실외 | G90: =VLOOKUP(A90,budget!$A$5:$I$337,4,FALSE) -> 자연경관/자유관광지 | J90: =VLOOKUP(A90,budget!$A$5:$I$337,5,FALSE) -> 24시간 연중무휴 (자유 방문) | K90: =VLOOKUP(B90,api!$A$2:$R$334,14,FALSE) -> 0 | L90: =VLOOKUP(B90,api!$A$2:$R$334,4,FALSE) -> https://tour.pc.go.kr/Home/index | M90: =VLOOKUP(B90,api!$A$2:$R$334,5,FALSE) -> 4.4 | N90: =VLOOKUP(B90,api!$A$2:$R$334,6,FALSE) -> 21 | O90: =VLOOKUP(B90,api!$A$2:$R$334,7,FALSE) -> 2 | P90: =VLOOKUP(A90,budget!$A$5:$I$337,6,FALSE) -> 0 | Q90: =VLOOKUP(A90,budget!$A$5:$I$337,7,FALSE) -> 0 | R90: =VLOOKUP(A90,budget!$A$5:$I$337,8,FALSE) -> 상시 무료 관람 (식음료 및 개인소모품비 제외) | S90: =VLOOKUP(A90,budget!$A$5:$I$337,9,FALSE) -> http://place.map.kakao.com/18525008 | T90: =VLOOKUP(B90,api!$A$2:$R$334,17,FALSE) -> 128.37765 | U90: =VLOOKUP(B90,api!$A$2:$R$334,18,FALSE) -> 37.615368
A91: 1986449214 | B91: 산천어파크골프장 | C91: =VLOOKUP(A91,budget!$A$5:$I$337,3,FALSE) -> 화천산천어파크골프장 | D91: =VLOOKUP(B91,api!$A$2:$R$334,2,FALSE) -> 화천군 | E91: =VLOOKUP(B91,api!$A$2:$R$334,12,FALSE) -> 강원특별자치도 화천군 하남면 거례리 473-3 | F91: 실외 | G91: =VLOOKUP(A91,budget!$A$5:$I$337,4,FALSE) -> 자연경관/자유관광지 | J91: =VLOOKUP(A91,budget!$A$5:$I$337,5,FALSE) -> 24시간 연중무휴 (자유 방문) | K91: =VLOOKUP(B91,api!$A$2:$R$334,14,FALSE) -> 033-441-0797 | L91: =VLOOKUP(B91,api!$A$2:$R$334,4,FALSE) -> https://hspg.ihc.go.kr/main | M91: =VLOOKUP(B91,api!$A$2:$R$334,5,FALSE) -> 4.7 | N91: =VLOOKUP(B91,api!$A$2:$R$334,6,FALSE) -> 9 | O91: =VLOOKUP(B91,api!$A$2:$R$334,7,FALSE) -> 132 | P91: =VLOOKUP(A91,budget!$A$5:$I$337,6,FALSE) -> 0 | Q91: =VLOOKUP(A91,budget!$A$5:$I$337,7,FALSE) -> 0 | R91: =VLOOKUP(A91,budget!$A$5:$I$337,8,FALSE) -> 상시 무료 관람 (식음료 및 개인소모품비 제외) | S91: =VLOOKUP(A91,budget!$A$5:$I$337,9,FALSE) -> http://place.map.kakao.com/1986449214 | T91: =VLOOKUP(B91,api!$A$2:$R$334,17,FALSE) -> 127.68809 | U91: =VLOOKUP(B91,api!$A$2:$R$334,18,FALSE) -> 38.075988
A92: 7926947 | B92: 삼봉자연휴양림 | C92: =VLOOKUP(A92,budget!$A$5:$I$337,3,FALSE) -> 국립삼봉자연휴양림 | D92: =VLOOKUP(B92,api!$A$2:$R$334,2,FALSE) -> 홍천군 | E92: =VLOOKUP(B92,api!$A$2:$R$334,12,FALSE) -> 강원특별자치도 홍천군 내면 광원리 산 197-1 | F92: 실외 | G92: =VLOOKUP(A92,budget!$A$5:$I$337,4,FALSE) -> 휴양림/수목원 | H92: AT4 | I92: 관광명소 | J92: =VLOOKUP(A92,budget!$A$5:$I$337,5,FALSE) -> 09:00 - 18:00 (화요일/월요일 휴무) | K92: =VLOOKUP(B92,api!$A$2:$R$334,14,FALSE) -> 033-435-8536 | L92: =VLOOKUP(B92,api!$A$2:$R$334,4,FALSE) -> https://www.foresttrip.go.kr/indvz/main.do?hmpgId=0107 | M92: =VLOOKUP(B92,api!$A$2:$R$334,5,FALSE) -> 4.9 | N92: =VLOOKUP(B92,api!$A$2:$R$334,6,FALSE) -> 14 | O92: =VLOOKUP(B92,api!$A$2:$R$334,7,FALSE) -> 36 | P92: =VLOOKUP(A92,budget!$A$5:$I$337,6,FALSE) -> 1000 | Q92: =VLOOKUP(A92,budget!$A$5:$I$337,7,FALSE) -> 5000 | R92: =VLOOKUP(A92,budget!$A$5:$I$337,8,FALSE) -> 국공립/민간 휴양림 입장료 기준 (숙박/체험비 제외) | S92: =VLOOKUP(A92,budget!$A$5:$I$337,9,FALSE) -> http://place.map.kakao.com/7926947 | T92: =VLOOKUP(B92,api!$A$2:$R$334,17,FALSE) -> 128.46384 | U92: =VLOOKUP(B92,api!$A$2:$R$334,18,FALSE) -> 37.857593
A93: 26952943 | B93: 삼부연폭포 | C93: =VLOOKUP(A93,budget!$A$5:$I$337,3,FALSE) -> 삼부연폭포 | D93: =VLOOKUP(B93,api!$A$2:$R$334,2,FALSE) -> 철원군 | E93: =VLOOKUP(B93,api!$A$2:$R$334,12,FALSE) -> 강원특별자치도 철원군 갈말읍 신철원리 산 26-1 | F93: 실외 | G93: =VLOOKUP(A93,budget!$A$5:$I$337,4,FALSE) -> 자연경관/자유관광지 | J93: =VLOOKUP(A93,budget!$A$5:$I$337,5,FALSE) -> 24시간 연중무휴 (자유 방문) | K93: =VLOOKUP(B93,api!$A$2:$R$334,14,FALSE) -> 033-450-5365 | L93: =VLOOKUP(B93,api!$A$2:$R$334,4,FALSE) -> 0 | M93: =VLOOKUP(B93,api!$A$2:$R$334,5,FALSE) -> 4.5 | N93: =VLOOKUP(B93,api!$A$2:$R$334,6,FALSE) -> 62 | O93: =VLOOKUP(B93,api!$A$2:$R$334,7,FALSE) -> 115 | P93: =VLOOKUP(A93,budget!$A$5:$I$337,6,FALSE) -> 0 | Q93: =VLOOKUP(A93,budget!$A$5:$I$337,7,FALSE) -> 0 | R93: =VLOOKUP(A93,budget!$A$5:$I$337,8,FALSE) -> 상시 무료 관람 (식음료 및 개인소모품비 제외) | S93: =VLOOKUP(A93,budget!$A$5:$I$337,9,FALSE) -> http://place.map.kakao.com/26952943 | T93: =VLOOKUP(B93,api!$A$2:$R$334,17,FALSE) -> 127.32713 | U93: =VLOOKUP(B93,api!$A$2:$R$334,18,FALSE) -> 38.140154
A94: 8305401 | B94: 삼양라운드힐 | C94: =VLOOKUP(A94,budget!$A$5:$I$337,3,FALSE) -> 삼양라운드힐 | D94: =VLOOKUP(B94,api!$A$2:$R$334,2,FALSE) -> 평창군 | E94: =VLOOKUP(B94,api!$A$2:$R$334,12,FALSE) -> 강원특별자치도 평창군 대관령면 횡계리 704-6 | F94: 실외 | G94: =VLOOKUP(A94,budget!$A$5:$I$337,4,FALSE) -> 테마파크/민간관광지 | J94: =VLOOKUP(A94,budget!$A$5:$I$337,5,FALSE) -> 10:00 - 18:00 (연중무휴/입장마감 17:00) | K94: =VLOOKUP(B94,api!$A$2:$R$334,14,FALSE) -> 033-335-5044 | L94: =VLOOKUP(B94,api!$A$2:$R$334,4,FALSE) -> 0 | M94: =VLOOKUP(B94,api!$A$2:$R$334,5,FALSE) -> 3.8 | N94: =VLOOKUP(B94,api!$A$2:$R$334,6,FALSE) -> 177 | O94: =VLOOKUP(B94,api!$A$2:$R$334,7,FALSE) -> 811 | P94: =VLOOKUP(A94,budget!$A$5:$I$337,6,FALSE) -> 8000 | Q94: =VLOOKUP(A94,budget!$A$5:$I$337,7,FALSE) -> 20000 | R94: =VLOOKUP(A94,budget!$A$5:$I$337,8,FALSE) -> 대인 정상 입장료 기준 (할인혜택/통합권 따라 변동) | S94: =VLOOKUP(A94,budget!$A$5:$I$337,9,FALSE) -> http://place.map.kakao.com/8305401 | T94: =VLOOKUP(B94,api!$A$2:$R$334,17,FALSE) -> 128.71973 | U94: =VLOOKUP(B94,api!$A$2:$R$334,18,FALSE) -> 37.724287
A95: 20495123 | B95: 삼척장미공원 | C95: =VLOOKUP(A95,budget!$A$5:$I$337,3,FALSE) -> 삼척장미공원 | D95: =VLOOKUP(B95,api!$A$2:$R$334,2,FALSE) -> 삼척시 | E95: =VLOOKUP(B95,api!$A$2:$R$334,12,FALSE) -> 강원특별자치도 삼척시 정상동 440 | F95: 실외 | G95: =VLOOKUP(A95,budget!$A$5:$I$337,4,FALSE) -> 자연경관/자유관광지 | J95: =VLOOKUP(A95,budget!$A$5:$I$337,5,FALSE) -> 24시간 연중무휴 (자유 방문) | K95: =VLOOKUP(B95,api!$A$2:$R$334,14,FALSE) -> 0 | L95: =VLOOKUP(B95,api!$A$2:$R$334,4,FALSE) -> https://www.samcheok.go.kr/tour.web | M95: =VLOOKUP(B95,api!$A$2:$R$334,5,FALSE) -> 4.3 | N95: =VLOOKUP(B95,api!$A$2:$R$334,6,FALSE) -> 25 | O95: =VLOOKUP(B95,api!$A$2:$R$334,7,FALSE) -> 151 | P95: =VLOOKUP(A95,budget!$A$5:$I$337,6,FALSE) -> 0 | Q95: =VLOOKUP(A95,budget!$A$5:$I$337,7,FALSE) -> 0 | R95: =VLOOKUP(A95,budget!$A$5:$I$337,8,FALSE) -> 상시 무료 관람 (식음료 및 개인소모품비 제외) | S95: =VLOOKUP(A95,budget!$A$5:$I$337,9,FALSE) -> http://place.map.kakao.com/20495123 | T95: =VLOOKUP(B95,api!$A$2:$R$334,17,FALSE) -> 129.17741 | U95: =VLOOKUP(B95,api!$A$2:$R$334,18,FALSE) -> 37.43328
A96: 8388351 | B96: 삼척항 | C96: =VLOOKUP(A96,budget!$A$5:$I$337,3,FALSE) -> 삼척항 | D96: =VLOOKUP(B96,api!$A$2:$R$334,2,FALSE) -> 삼척시 | E96: =VLOOKUP(B96,api!$A$2:$R$334,12,FALSE) -> 강원특별자치도 삼척시 정상동 | F96: 실외 | G96: =VLOOKUP(A96,budget!$A$5:$I$337,4,FALSE) -> 자연경관/자유관광지 | J96: =VLOOKUP(A96,budget!$A$5:$I$337,5,FALSE) -> 24시간 연중무휴 (자유 방문) | K96: =VLOOKUP(B96,api!$A$2:$R$334,14,FALSE) -> 0 | L96: =VLOOKUP(B96,api!$A$2:$R$334,4,FALSE) -> https://www.samcheok.go.kr/tour.web | M96: =VLOOKUP(B96,api!$A$2:$R$334,5,FALSE) -> 5 | N96: =VLOOKUP(B96,api!$A$2:$R$334,6,FALSE) -> 1 | O96: =VLOOKUP(B96,api!$A$2:$R$334,7,FALSE) -> 18 | P96: =VLOOKUP(A96,budget!$A$5:$I$337,6,FALSE) -> 0 | Q96: =VLOOKUP(A96,budget!$A$5:$I$337,7,FALSE) -> 0 | R96: =VLOOKUP(A96,budget!$A$5:$I$337,8,FALSE) -> 상시 무료 관람 (식음료 및 개인소모품비 제외) | S96: =VLOOKUP(A96,budget!$A$5:$I$337,9,FALSE) -> http://place.map.kakao.com/8388351 | T96: =VLOOKUP(B96,api!$A$2:$R$334,17,FALSE) -> 129.19069 | U96: =VLOOKUP(B96,api!$A$2:$R$334,18,FALSE) -> 37.435578
A97: 7935331 | B97: 삼척해변 | C97: =VLOOKUP(A97,budget!$A$5:$I$337,3,FALSE) -> 삼척해변 | D97: =VLOOKUP(B97,api!$A$2:$R$334,2,FALSE) -> 삼척시 | E97: =VLOOKUP(B97,api!$A$2:$R$334,12,FALSE) -> 강원특별자치도 삼척시 갈천동 14-22 | F97: 실외 | G97: =VLOOKUP(A97,budget!$A$5:$I$337,4,FALSE) -> 자연경관/자유관광지 | H97: AT4 | I97: 관광명소 | J97: =VLOOKUP(A97,budget!$A$5:$I$337,5,FALSE) -> 24시간 연중무휴 (자유 방문) | K97: =VLOOKUP(B97,api!$A$2:$R$334,14,FALSE) -> 033-570-4401 | L97: =VLOOKUP(B97,api!$A$2:$R$334,4,FALSE) -> https://www.samcheok.go.kr/tour.web | M97: =VLOOKUP(B97,api!$A$2:$R$334,5,FALSE) -> 4.6 | N97: =VLOOKUP(B97,api!$A$2:$R$334,6,FALSE) -> 83 | O97: =VLOOKUP(B97,api!$A$2:$R$334,7,FALSE) -> 18 | P97: =VLOOKUP(A97,budget!$A$5:$I$337,6,FALSE) -> 0 | Q97: =VLOOKUP(A97,budget!$A$5:$I$337,7,FALSE) -> 0 | R97: =VLOOKUP(A97,budget!$A$5:$I$337,8,FALSE) -> 상시 무료 관람 (식음료 및 개인소모품비 제외) | S97: =VLOOKUP(A97,budget!$A$5:$I$337,9,FALSE) -> http://place.map.kakao.com/7935331 | T97: =VLOOKUP(B97,api!$A$2:$R$334,17,FALSE) -> 129.16984 | U97: =VLOOKUP(B97,api!$A$2:$R$334,18,FALSE) -> 37.467925
A98: 1832162456 | B98: 삼척해상케이블카 용화역 | C98: =VLOOKUP(A98,budget!$A$5:$I$337,3,FALSE) -> 삼척해상케이블카 용화역 | D98: =VLOOKUP(B98,api!$A$2:$R$334,2,FALSE) -> 삼척시 | E98: =VLOOKUP(B98,api!$A$2:$R$334,12,FALSE) -> 강원특별자치도 삼척시 근덕면 용화리 6 | F98: 실외 | G98: =VLOOKUP(A98,budget!$A$5:$I$337,4,FALSE) -> 체험/액티비티 | J98: =VLOOKUP(A98,budget!$A$5:$I$337,5,FALSE) -> 09:00 - 18:00 (매표마감 17:00) | K98: =VLOOKUP(B98,api!$A$2:$R$334,14,FALSE) -> 1668-4268 | L98: =VLOOKUP(B98,api!$A$2:$R$334,4,FALSE) -> https://samcheokcablecar.kr/ | M98: =VLOOKUP(B98,api!$A$2:$R$334,5,FALSE) -> 3.2 | N98: =VLOOKUP(B98,api!$A$2:$R$334,6,FALSE) -> 75 | O98: =VLOOKUP(B98,api!$A$2:$R$334,7,FALSE) -> 110 | P98: =VLOOKUP(A98,budget!$A$5:$I$337,6,FALSE) -> 10000 | Q98: =VLOOKUP(A98,budget!$A$5:$I$337,7,FALSE) -> 35000 | R98: =VLOOKUP(A98,budget!$A$5:$I$337,8,FALSE) -> 1인 승선/체험권 기준 (코스 및 이용 상품에 따라 변동) | S98: =VLOOKUP(A98,budget!$A$5:$I$337,9,FALSE) -> http://place.map.kakao.com/1832162456 | T98: =VLOOKUP(B98,api!$A$2:$R$334,17,FALSE) -> 129.30826 | U98: =VLOOKUP(B98,api!$A$2:$R$334,18,FALSE) -> 37.289116
A99: 153613586 | B99: 삼척해상케이블카 장호역 | C99: =VLOOKUP(A99,budget!$A$5:$I$337,3,FALSE) -> 삼척해상케이블카 장호역 | D99: =VLOOKUP(B99,api!$A$2:$R$334,2,FALSE) -> 삼척시 | E99: =VLOOKUP(B99,api!$A$2:$R$334,12,FALSE) -> 강원특별자치도 삼척시 근덕면 장호리 3-9 | F99: 실외 | G99: =VLOOKUP(A99,budget!$A$5:$I$337,4,FALSE) -> 체험/액티비티 | J99: =VLOOKUP(A99,budget!$A$5:$I$337,5,FALSE) -> 09:00 - 18:00 (매표마감 17:00) | K99: =VLOOKUP(B99,api!$A$2:$R$334,14,FALSE) -> 1668-4268 | L99: =VLOOKUP(B99,api!$A$2:$R$334,4,FALSE) -> 0 | M99: =VLOOKUP(B99,api!$A$2:$R$334,5,FALSE) -> 2.9 | N99: =VLOOKUP(B99,api!$A$2:$R$334,6,FALSE) -> 69 | O99: =VLOOKUP(B99,api!$A$2:$R$334,7,FALSE) -> 126 | P99: =VLOOKUP(A99,budget!$A$5:$I$337,6,FALSE) -> 10000 | Q99: =VLOOKUP(A99,budget!$A$5:$I$337,7,FALSE) -> 35000 | R99: =VLOOKUP(A99,budget!$A$5:$I$337,8,FALSE) -> 1인 승선/체험권 기준 (코스 및 이용 상품에 따라 변동) | S99: =VLOOKUP(A99,budget!$A$5:$I$337,9,FALSE) -> http://place.map.kakao.com/153613586 | T99: =VLOOKUP(B99,api!$A$2:$R$334,17,FALSE) -> 129.31877 | U99: =VLOOKUP(B99,api!$A$2:$R$334,18,FALSE) -> 37.28792
A100: 19881841 | B100: 삼탄아트마인 | C100: =VLOOKUP(A100,budget!$A$5:$I$337,3,FALSE) -> 삼탄아트마인 | D100: =VLOOKUP(B100,api!$A$2:$R$334,2,FALSE) -> 정선군 | E100: =VLOOKUP(B100,api!$A$2:$R$334,12,FALSE) -> 강원특별자치도 정선군 고한읍 고한리 5-26 | F100: 실내 | G100: =VLOOKUP(A100,budget!$A$5:$I$337,4,FALSE) -> 자연경관/자유관광지 | J100: =VLOOKUP(A100,budget!$A$5:$I$337,5,FALSE) -> 상시 개방 | K100: =VLOOKUP(B100,api!$A$2:$R$334,14,FALSE) -> 033-591-3001 | L100: =VLOOKUP(B100,api!$A$2:$R$334,4,FALSE) -> http://samtanartmine.com/ | M100: =VLOOKUP(B100,api!$A$2:$R$334,5,FALSE) -> 3.1 | N100: =VLOOKUP(B100,api!$A$2:$R$334,6,FALSE) -> 24 | O100: =VLOOKUP(B100,api!$A$2:$R$334,7,FALSE) -> 110 | P100: =VLOOKUP(A100,budget!$A$5:$I$337,6,FALSE) -> 0 | Q100: =VLOOKUP(A100,budget!$A$5:$I$337,7,FALSE) -> 0 | R100: =VLOOKUP(A100,budget!$A$5:$I$337,8,FALSE) -> 상시 무료 관람 (식음료 및 개인소모품비 제외) | S100: =VLOOKUP(A100,budget!$A$5:$I$337,9,FALSE) -> http://place.map.kakao.com/19881841 | T100: =VLOOKUP(B100,api!$A$2:$R$334,17,FALSE) -> 128.88286 | U100: =VLOOKUP(B100,api!$A$2:$R$334,18,FALSE) -> 37.185017
...

Sheet budget
B1: 강원 특별자치도 관광지별 예상 이용 금액 및 운영시간 (Min ~ Max 예산표)
B2: 총 관광지 수: 333개 | 기준: 1인당 순수 입장료/체험비 (주차비 제외) 및 대표 운영시간 정보
B4: 관광지명 | C4: 장소명 | D4: 카테고리 | E4: 운영시간 (휴무일 포함) | F4: 최소 금액 (Min/1인) | G4: 최대 금액 (Max/1인) | H4: 비고 (산출 근거) | I4: 상세URL
A5: 581024580 | B5: 2018 평창 동계올림픽대회 및 동계패럴림픽대회 기념관 | C5: 2018평창동계올림픽대회 및 동계패럴림픽대회기념관 | D5: 국공립 박물관/기념관 | E5: 09:00 - 18:00 (월요일 휴무) | F5: 0 | G5: 3000 | H5: 국공립 시설 무료 관람 또는 대인 기준 정가 | I5: http://place.map.kakao.com/581024580
A6: 25045748 | B6: 365세이프타운 | C6: 365세이프타운 | D6: 테마파크/민간관광지 | E6: 09:00 - 18:00 (월요일 휴무) | F6: 8000 | G6: 20000 | H6: 대인 정상 입장료 기준 (할인혜택/통합권 따라 변동) | I6: http://place.map.kakao.com/25045748
A7: 1310990190 | B7: BTS버스정류장 | C7: BTS 버스정류장 | D7: 자연경관/자유관광지 | E7: 상시 개방 | F7: 0 | G7: 0 | H7: 상시 무료 관람 (식음료 및 개인소모품비 제외) | I7: http://place.map.kakao.com/1310990190
A8: 23794385 | B8: DMZ박물관 | C8: DMZ박물관 | D8: 문화/전람/동굴/전망시설 | E8: 09:00 - 18:00 (입장마감 17:00, 월요일 휴무) | F8: 2000 | G8: 10000 | H8: 대인 관람료 및 전망대/스카이워크 이용료 기준 | I8: http://place.map.kakao.com/23794385
A9: 1389012423 | B9: DMZ생태평화공원 | C9: 철원DMZ생태평화공원 | D9: 자연경관/자유관광지 | E9: 24시간 연중무휴 (자유 방문) | F9: 0 | G9: 0 | H9: 상시 무료 관람 (식음료 및 개인소모품비 제외) | I9: http://place.map.kakao.com/1389012423
A10: 26847659 | B10: DMZ펀치볼둘레길 | C10: DMZ펀치볼둘레길 | D10: 자연경관/자유관광지 | E10: 24시간 연중무휴 (자유 방문) | F10: 0 | G10: 0 | H10: 상시 무료 관람 (식음료 및 개인소모품비 제외) | I10: http://place.map.kakao.com/26847659
A11: 8121115 | B11: 가령폭포 | C11: 가령폭포 | D11: 자연경관/자유관광지 | E11: 24시간 연중무휴 (자유 방문) | F11: 0 | G11: 0 | H11: 상시 무료 관람 (식음료 및 개인소모품비 제외) | I11: http://place.map.kakao.com/8121115
A12: 26916317 | B12: 가리산레포츠파크 | C12: 가리산레포츠파크 | D12: 자연경관/자유관광지 | E12: 24시간 연중무휴 (자유 방문) | F12: 0 | G12: 0 | H12: 상시 무료 관람 (식음료 및 개인소모품비 제외) | I12: http://place.map.kakao.com/26916317
A13: 8667927 | B13: 간현역 (폐역) | C13: 간현역 (폐역) | D13: 자연경관/자유관광지 | E13: 상시 개방 | F13: 0 | G13: 0 | H13: 상시 무료 관람 (식음료 및 개인소모품비 제외) | I13: http://place.map.kakao.com/8667927
A14: 8133638 | B14: 갈천약수터 | C14: 갈천약수터 | D14: 자연경관/자유관광지 | E14: 24시간 연중무휴 (자유 방문) | F14: 0 | G14: 0 | H14: 상시 무료 관람 (식음료 및 개인소모품비 제외) | I14: http://place.map.kakao.com/8133638
A15: 26979861 | B15: 강릉선교장 | C15: 강릉선교장 | D15: 자연경관/자유관광지 | E15: 상시 개방 | F15: 0 | G15: 0 | H15: 상시 무료 관람 (식음료 및 개인소모품비 제외) | I15: http://place.map.kakao.com/26979861
A16: 25856200 | B16: 강릉솔향수목원 | C16: 강릉솔향수목원 | D16: 휴양림/수목원 | E16: 09:00 - 18:00 (하절기) / 09:00 - 17:00 (동절기) | F16: 1000 | G16: 5000 | H16: 국공립/민간 휴양림 입장료 기준 (숙박/체험비 제외) | I16: http://place.map.kakao.com/25856200
... A140: 27002081 | B140: 선돌 | C140: 선돌 | D140: 자연경관/자유관광지 | E140: 상시 개방 | F140: 0 | G140: 0 | H140: 상시 무료 관람 (식음료 및 개인소모품비 제외) | I140: http://place.map.kakao.com/27002081
B141: 선바위 자연캠핑장 | D141: 캠핑/숙박시설 | E141: 입실 14:00 / 퇴실 11:00 (상시) | F141: 0 | G141: 0 | H141: 시설 이용 고객 대상 (단순 둘러보기/입장 무료)
A142: 21764909 | B142: 설악산 | C142: 설악산 | D142: 자연경관/자유관광지 | E142: 24시간 연중무휴 (자유 방문) | F142: 0 | G142: 0 | H142: 상시 무료 관람 (식음료 및 개인소모품비 제외) | I142: http://place.map.kakao.com/21764909
A143: 24414762 | B143: 설악산 자생식물원 | C143: 설악산자생식물원 | D143: 자연경관/자유관광지 | E143: 24시간 연중무휴 (자유 방문) | F143: 0 | G143: 0 | H143: 상시 무료 관람 (식음료 및 개인소모품비 제외) | I143: http://place.map.kakao.com/24414762
A144: 8376588 | B144: 설악해맞이공원 | C144: 설악해맞이공원 | D144: 자연경관/자유관광지 | E144: 24시간 연중무휴 (자유 방문) | F144: 0 | G144: 0 | H144: 상시 무료 관람 (식음료 및 개인소모품비 제외) | I144: http://place.map.kakao.com/8376588
A145: 118414704 | B145: 섬강 자작나무숲길 | C145: 섬강 자작나무숲길 | D145: 자연경관/자유관광지 | E145: 상시 개방 | F145: 0 | G145: 0 | H145: 상시 무료 관람 (식음료 및 개인소모품비 제외) | I145: http://place.map.kakao.com/118414704
A146: 1088147159 | B146: 소금강 전망대 | C146: 소금강 전망대 | D146: 자연경관/자유관광지 | E146: 24시간 연중무휴 (자유 방문) | F146: 0 | G146: 0 | H146: 상시 무료 관람 (식음료 및 개인소모품비 제외) | I146: http://place.map.kakao.com/1088147159
A147: 24662303 | B147: 소똥령 마을 | C147: 소똥령마을 농촌체험휴양마을 | D147: 자연경관/자유관광지 | E147: 상시 개방 | F147: 0 | G147: 0 | H147: 상시 무료 관람 (식음료 및 개인소모품비 제외) | I147: http://place.map.kakao.com/24662303
A148: 1323084049 | B148: 소양강 스카이워크 | C148: 소양강스카이워크 | D148: 문화/전람/동굴/전망시설 | E148: 10:00 - 18:00 (하절기/주말 연장운영) | F148: 2000 | G148: 10000 | H148: 대인 관람료 및 전망대/스카이워크 이용료 기준 | I148: http://place.map.kakao.com/1323084049
A149: 26919839 | B149: 소양강댐팔각정전망대 | C149: 소양강댐팔각정전망대 | D149: 자연경관/자유관광지 | E149: 24시간 연중무휴 (자유 방문) | F149: 0 | G149: 0 | H149: 상시 무료 관람 (식음료 및 개인소모품비 제외) | I149: http://place.map.kakao.com/26919839
A150: 1094955731 | B150: 소양강둘레길 (3코스) | C150: 소양강둘레길 (3코스) | D150: 자연경관/자유관광지 | E150: 24시간 연중무휴 (자유 방문) | F150: 0 | G150: 0 | H150: 상시 무료 관람 (식음료 및 개인소모품비 제외) | I150: http://place.map.kakao.com/1094955731
A151: 26558408 | B151: 소양강둘레길 내린길(2코스) | C151: 소양강둘레길 내린길(2코스) | D151: 자연경관/자유관광지 | E151: 24시간 연중무휴 (자유 방문) | F151: 0 | G151: 0 | H151: 상시 무료 관람 (식음료 및 개인소모품비 제외) | I151: http://place.map.kakao.com/26558408
A152: 26558407 | B152: 소양강둘레길 하늘길(1코스) | C152: 소양강둘레길 하늘길(1코스) | D152: 자연경관/자유관광지 | E152: 24시간 연중무휴 (자유 방문) | F152: 0 | G152: 0 | H152: 상시 무료 관람 (식음료 및 개인소모품비 제외) | I152: http://place.map.kakao.com/26558407
A153: 27460313 | B153: 소이산 | C153: 소이산 | D153: 자연경관/자유관광지 | E153: 24시간 연중무휴 (자유 방문) | F153: 0 | G153: 0 | H153: 상시 무료 관람 (식음료 및 개인소모품비 제외) | I153: http://place.map.kakao.com/27460313
... A267: 10838734 | B267: 추암촛대바위 | C267: 추암촛대바위 | D267: 자연경관/자유관광지 | E267: 05:00 - 18:00 (일몰 시까지) | F267: 0 | G267: 0 | H267: 상시 무료 관람 (식음료 및 개인소모품비 제외) | I267: http://place.map.kakao.com/10838734
B268: 춘천박사마을 어린이글램핑장 | D268: 캠핑/숙박시설 | E268: 입실 14:00 / 퇴실 11:00 (상시) | F268: 0 | G268: 0 | H268: 시설 이용 고객 대상 (단순 둘러보기/입장 무료)
A269: 1147568611 | B269: 춘천삼악산호수케이블카 | C269: 춘천삼악산호수케이블카 | D269: 체험/액티비티 | E269: 09:00 - 18:00 (매표마감 17:00) | F269: 10000 | G269: 35000 | H269: 1인 승선/체험권 기준 (코스 및 이용 상품에 따라 변동) | I269: http://place.map.kakao.com/1147568611
A270: 1691801060 | B270: 치악산국립공원 | C270: 치악산국립공원 | D270: 자연경관/자유관광지 | E270: 24시간 연중무휴 (자유 방문) | F270: 0 | G270: 0 | H270: 상시 무료 관람 (식음료 및 개인소모품비 제외) | I270: http://place.map.kakao.com/1691801060
A271: 8582434 | B271: 치악산자연휴양림 | C271: 치악산자연휴양림 | D271: 휴양림/수목원 | E271: 09:00 - 18:00 (화요일/월요일 휴무) | F271: 1000 | G271: 5000 | H271: 국공립/민간 휴양림 입장료 기준 (숙박/체험비 제외) | I271: http://place.map.kakao.com/8582434
A272: 666479885 | B272: 코이카 월드프렌즈빌리지 | C272: 코이카 월드프렌즈빌리지 | D272: 자연경관/자유관광지 | E272: 상시 개방 | F272: 0 | G272: 0 | H272: 상시 무료 관람 (식음료 및 개인소모품비 제외) | I272: http://place.map.kakao.com/666479885
A273: 1423911353 | B273: 킹카누나루터 | C273: 킹카누나루터 | D273: 체험/액티비티 | E273: 09:00 - 18:00 (사전예약/상황별 변동) | F273: 10000 | G273: 35000 | H273: 1인 승선/체험권 기준 (코스 및 이용 상품에 따라 변동) | I273: http://place.map.kakao.com/1423911353
A274: 14752201 | B274: 타임캡슐공원 | C274: 타임캡슐공원 | D274: 자연경관/자유관광지 | E274: 24시간 연중무휴 (자유 방문) | F274: 0 | G274: 0 | H274: 상시 무료 관람 (식음료 및 개인소모품비 제외) | I274: http://place.map.kakao.com/14752201
A275: 18896036 | B275: 탄광문화촌 | C275: 탄광문화촌 (휴관중) | D275: 자연경관/자유관광지 | E275: 상시 개방 | F275: 0 | G275: 0 | H275: 상시 무료 관람 (식음료 및 개인소모품비 제외) | I275: http://place.map.kakao.com/18896036
A276: 15166415 | B276: 태기산 | C276: 태기산 | D276: 자연경관/자유관광지 | E276: 24시간 연중무휴 (자유 방문) | F276: 0 | G276: 0 | H276: 상시 무료 관람 (식음료 및 개인소모품비 제외) | I276: http://place.map.kakao.com/15166415
A277: 8112646 | B277: 태기산 전망대 | C277: 태기산 전망대 | D277: 자연경관/자유관광지 | E277: 24시간 연중무휴 (자유 방문) | F277: 0 | G277: 0 | H277: 상시 무료 관람 (식음료 및 개인소모품비 제외) | I277: http://place.map.kakao.com/8112646
A278: 26953117 | B278: 태기산풍력발전단지 | C278: 태기산풍력발전단지 | D278: 자연경관/자유관광지 | E278: 24시간 연중무휴 (자유 방문) | F278: 0 | G278: 0 | H278: 상시 무료 관람 (식음료 및 개인소모품비 제외) | I278: http://place.map.kakao.com/26953117
A279: 1654875200 | B279: 태백산국립공원 | C279: 태백산국립공원 | D279: 자연경관/자유관광지 | E279: 24시간 연중무휴 (자유 방문) | F279: 0 | G279: 0 | H279: 상시 무료 관람 (식음료 및 개인소모품비 제외) | I279: http://place.map.kakao.com/1654875200
A280: 8108945 | B280: 태백석탄박물관 | C280: 태백석탄박물관 | D280: 문화/전람/동굴/전망시설 | E280: 09:00 - 18:00 (입장마감 17:00, 월요일 휴무) | F280: 2000 | G280: 10000 | H280: 대인 관람료 및 전망대/스카이워크 이용료 기준 | I280: http://place.map.kakao.com/8108945
... A337: 11295210 | B337: 흥원창 | C337: 흥원창 | D337: 자연경관/자유관광지 | E337: 상시 개방 | F337: 0 | G337: 0 | H337: 상시 무료 관람 (식음료 및 개인소모품비 제외) | I337: http://place.map.kakao.com/11295210

Sheet api
A1: 관광지명 | B1: 지역 | C1: 전화번호 | D1: 홈페이지 | E1: 평점 | F1: 평점건수 | G1: 리뷰수 | H1: 장소명 | I1: 세부카테고리 | J1: 카테고리코드 | K1: 카테고리명 | L1: 주소 | M1: 도로명주소 | N1: 전화번호 | O1: 장소ID | P1: 상세URL | Q1: 경도 | R1: 위도
A2: 2018 평창 동계올림픽대회 및 동계패럴림픽대회 기념관 | B2: 평창군 | C2: 033-330-5280 | D2: https://pom2018.org/ | E2: 4.7 | F2: 27 | G2: 173 | H2: 2018평창동계올림픽대회 및 동계패럴림픽대회기념관 | I2: 문화,예술 > 문화시설 > 기념관 | J2: CT1 | K2: 문화시설 | L2: 강원특별자치도 평창군 대관령면 횡계리 725 | M2: 강원특별자치도 평창군 대관령면 올림픽로 220 | N2: 033-330-5280 | O2: 581024580 | P2: http://place.map.kakao.com/581024580 | Q2: 128.70672 | R2: 37.666839
A3: 365세이프타운 | B3: 태백시 | C3: 0507-1495-7915 | D3: http://www.taebaek.go.kr/365safetown/index.do | E3: 4.5 | F3: 37 | G3: 163 | H3: 365세이프타운 | I3: 여행 > 관광,명소 > 테마파크 | J3: AT4 | K3: 관광명소 | L3: 강원특별자치도 태백시 장성동 31-2 | M3: 강원특별자치도 태백시 평화길 15 | N3: 033-550-3101 | O3: 25045748 | P3: http://place.map.kakao.com/25045748 | Q3: 129.02461 | R3: 37.100491
A4: BTS버스정류장 | B4: 강릉시 | C4: 033-640-5420 | D4: https://www.gn.go.kr/tour/index.do | E4: 4.3 | F4: 63 | G4: 113 | H4: BTS 버스정류장 | I4: 여행 > 관광,명소 > 촬영지 | L4: 강원특별자치도 강릉시 주문진읍 향호리 8-39 | O4: 1310990190 | P4: http://place.map.kakao.com/1310990190 | Q4: 128.8171 | R4: 37.912407
A5: DMZ박물관 | B5: 고성군 | C5: 033-634-8553 | D5: https://www.dmzmuseum.com | E5: 4.5 | F5: 56 | G5: 214 | H5: DMZ박물관 | I5: 문화,예술 > 문화시설 > 박물관 | J5: CT1 | K5: 문화시설 | L5: 강원특별자치도 고성군 현내면 송현리 212 | M5: 강원특별자치도 고성군 현내면 통일전망대로 369 | N5: 033-681-0625 | O5: 23794385 | P5: http://place.map.kakao.com/23794385 | Q5: 128.38257 | R5: 38.576256
A6: DMZ생태평화공원 | B6: 철원군 | C6: 033-458-3633 | E6: 4.3 | F6: 6 | G6: 21 | H6: 철원DMZ생태평화공원 | I6: 여행 > 공원 | L6: 강원특별자치도 철원군 김화읍 생창리 85-7 | M6: 강원특별자치도 철원군 김화읍 생창길 479 | N6: 033-458-3633 | O6: 1389012423 | P6: http://place.map.kakao.com/1389012423 | Q6: 127.45124 | R6: 38.281017
A7: DMZ펀치볼둘레길 | B7: 양구군 | C7: 033-481-8565 | D7: http://www.dmztrail.or.kr/ | E7: 3 | F7: 1 | G7: 9 | H7: DMZ펀치볼둘레길 | I7: 여행 > 관광,명소 > 도보여행 > 둘레길 | J7: AT4 | K7: 관광명소 | L7: 강원특별자치도 양구군 해안면 후리 621 | M7: 강원특별자치도 양구군 해안면 해안서화로 35 | N7: 033-481-8565 | O7: 26847659 | P7: http://place.map.kakao.com/26847659 | Q7: 128.14542 | R7: 38.290129
A8: 가령폭포 | B8: 홍천군 | C8: 033-430-2544 | D8: https://www.hongcheon.go.kr/ | E8: 5 | F8: 9 | G8: 27 | H8: 가령폭포 | I8: 여행 > 관광,명소 > 폭포 | L8: 강원특별자치도 홍천군 내촌면 와야리 | N8: 033-433-3003 | O8: 8121115 | P8: http://place.map.kakao.com/8121115 | Q8: 128.16057 | R8: 37.831651
A9: 가리산레포츠파크 | B9: 홍천군 | C9: 0507-1417-8138 | D9: https://www.hongcheon.go.kr/tour/contents.do?key=1892 | E9: 0 | F9: 30 | G9: 86 | H9: 가리산레포츠파크 | I9: 여행 > 체험여행 | L9: 강원특별자치도 홍천군 두촌면 천현리 776 | M9: 강원특별자치도 홍천군 두촌면 가리산길 426 | N9: 070-8831-8138 | O9: 26916317 | P9: http://place.map.kakao.com/26916317 | Q9: 127.98115 | R9: 37.865638
A10: 간현역 (폐역) | B10: 원주시 | C10: 033-733-6600 | D10: http://www.wjrailpark.com/ | E10: 4.4 | F10: 7 | G10: 3 | H10: 간현역 (폐역) | I10: 교통,수송 > 기차,철도 > 기차역 > 폐역 | L10: 강원특별자치도 원주시 지정면 간현리 870 | M10: 강원특별자치도 원주시 지정면 간현로 163 | N10: 1544-7788 | O10: 8667927 | P10: http://place.map.kakao.com/8667927 | Q10: 127.83702 | R10: 37.363406
A11: 갈천약수터 | B11: 양양군 | C11: 033-673-8799 | D11: https://tour.yangyang.go.kr/ | E11: 3.5 | F11: 2 | G11: 1 | H11: 갈천약수터 | I11: 여행 > 관광,명소 > 샘터,약수터 | L11: 강원특별자치도 양양군 서면 갈천리 104 | M11: 강원특별자치도 양양군 서면 구룡령로 1103-66 | N11: 033-673-8799 | O11: 8133638 | P11: http://place.map.kakao.com/8133638 | Q11: 128.50295 | R11: 37.905873
A12: 강릉선교장 | B12: 강릉시 | C12: 033-648-5303 | D12: https://knsgj.net/ | E12: 3.4 | F12: 102 | G12: 361 | H12: 강릉선교장 | I12: 여행 > 관광,명소 > 문화유적 | L12: 강원특별자치도 강릉시 운정동 431 | M12: 강원특별자치도 강릉시 운정길 63 | N12: 033-646-3270 | O12: 26979861 | P12: http://place.map.kakao.com/26979861 | Q12: 128.88517 | R12: 37.786643
A13: 강릉솔향수목원 | B13: 강릉시 | C13: 033-660-2322 | D13: http://www.gn.go.kr/solhyang/index.do | E13: 4.7 | F13: 86 | G13: 254 | H13: 강릉솔향수목원 | I13: 여행 > 관광,명소 > 수목원,식물원 | J13: AT4 | K13: 관광명소 | L13: 강원특별자치도 강릉시 구정면 구정리 산 147-1 | M13: 강원특별자치도 강릉시 구정면 수목원길 156 | N13: 033-660-2322 | O13: 25856200 | P13: http://place.map.kakao.com/25856200 | Q13: 128.86147 | R13: 37.697803
A14: 강릉송정해변 | B14: 강릉시 | C14: 033-660-3887 | D14: https://www.gn.go.kr/tour/prog/lod/Sights/S01/sub02_02_01/view.do?cid=437 | E14: 4.5 | F14: 99 | G14: 5 | H14: 송정해변 | I14: 여행 > 관광,명소 > 해수욕장,해변 | J14: AT4 | K14: 관광명소 | L14: 강원특별자치도 강릉시 송정동 산 1-4 | N14: 033-660-3887 | O14: 7960891 | P14: http://place.map.kakao.com/7960891 | Q14: 128.9378 | R14: 37.779829
A15: 강릉안반데기관광농원 | B15: 강릉시 | C15: 033-644-8552 | D15: https://blog.naver.com/sanai4744 | E15: 3.6 | F15: 9 | G15: 59 | H15: 강릉안반데기관광농원 | I15: 여행 > 관광,명소 > 관광농원 | J15: AT4 | K15: 관광명소 | L15: 강원특별자치도 강릉시 왕산면 대기리 2214-207 | M15: 강원특별자치도 강릉시 왕산면 안반데기1길 203 | N15: 033-644-8552 | O15: 937891746 | P15: http://place.map.kakao.com/937891746 | Q15: 128.74003 | R15: 37.608742
A16: 강릉월화거리 | B16: 강릉시 | C16: 033-640-4565 | D16: https://www.gn.go.kr/tour/prog/lod/Sights/S03/sub02_04_01/view.do?cid=256422 | E16: 3.9 | F16: 55 | G16: 219 | H16: 강릉월화거리 | I16: 여행 > 관광,명소 > 테마거리 | J16: AT4 | K16: 관광명소 | L16: 강원특별자치도 강릉시 임당동 106-1 | M16: 강원특별자치도 강릉시 경강로 2111 | O16: 2058461010 | P16: http://place.map.kakao.com/2058461010 | Q16: 128.8975 | R16: 37.75591
A17: 강릉중앙시장 | B17: 강릉시 | C17: 0507-1324-2285 | D17: https://www.gn.go.kr/tour/index.do | E17: 3.9 | F17: 577 | G17: 206 | H17: 강릉중앙시장 | I17: 가정,생활 > 시장 | L17: 강원특별자치도 강릉시 성남동 50 | M17: 강원특별자치도 강릉시 금성로 21 | N17: 033-648-2285 | O17: 18525909 | P17: http://place.map.kakao.com/18525909 | Q17: 128.89862 | R17: 37.754025
A18: 강릉카페거리 | B18: 강릉시 | C18: 033-640-5135 | D18: https://ggcoffeestreet.modoo.at/ | E18: 4 | F18: 94 | G18: 183 | H18: 강릉카페거리 | I18: 여행 > 관광,명소 > 테마거리 > 카페거리 | J18: AT4 | K18: 관광명소 | L18: 강원특별자치도 강릉시 견소동 287-90 | M18: 강원특별자치도 강릉시 창해로14번길 20 | O18: 14862993 | P18: http://place.map.kakao.com/14862993 | Q18: 128.94724 | R18: 37.772654
A19: 강릉해중공원 | B19: 강릉시 | C19: 033-640-5135 | D19: https://www.gn.go.kr/tour/index.do | E19: 4 | F19: 1 | G19: 0 | H19: 강릉해중공원 | I19: 여행 > 공원 | L19: 강원특별자치도 강릉시 안현동 227-6 | M19: 강원특별자치도 강릉시 해안로 634 | O19: 714254383 | P19: http://place.map.kakao.com/714254383 | Q19: 128.89738 | R19: 37.813595
A20: 강원감영 | B20: 원주시 | C20: 033-747-2416 | D20: http://gangwongamyoung500.com/ | E20: 4.4 | F20: 62 | G20: 318 | H20: 원주 강원감영 | I20: 여행 > 관광,명소 > 문화유적 > 유적지 | L20: 강원특별자치도 원주시 일산동 54-3 | M20: 강원특별자치도 원주시 원일로 77 | N20: 033-747-2416 | O20: 8171435 | P20: http://place.map.kakao.com/8171435 | Q20: 127.95042 | R20: 37.347973
A21: 강원도립화목원 | B21: 춘천시 | C21: 033-248-6685 | D21: https://www.gwpa.kr/ | E21: 4.3 | F21: 65 | G21: 302 | H21: 강원특별자치도립화목원 | I21: 여행 > 관광,명소 > 수목원,식물원 | J21: AT4 | K21: 관광명소 | L21: 강원특별자치도 춘천시 사농동 644-1 | M21: 강원특별자치도 춘천시 화목원길 24 | N21: 033-248-6685 | O21: 11046971 | P21: http://place.map.kakao.com/11046971 | Q21: 127.72569 | R21: 37.923032
A22: 강원도자연환경연구공원 | B22: 홍천군 | C22: 033-433-1994 | D22: https://ecopark.gwd.go.kr/portal | E22: 3 | F22: 4 | G22: 36 | H22: 강원특별자치도자연환경연구공원 | I22: 여행 > 공원 > 도시근린공원 | L22: 강원특별자치도 홍천군 북방면 성동리 1157-1 | M22: 강원특별자치도 홍천군 북방면 생태공원길 319 | N22: 033-248-6570 | O22: 13109251 | P22: http://place.map.kakao.com/13109251 | Q22: 127.85208 | R22: 37.754339
A23: 강원종합박물관 | B23: 삼척시 | C23: 033-541-1523 | D23: http://www.museum.gangwon.kr/ | E23: 2.7 | F23: 91 | G23: 215 | H23: 강원종합박물관 | I23: 문화,예술 > 문화시설 > 박물관 | J23: CT1 | K23: 문화시설 | L23: 강원특별자치도 삼척시 신기면 신기리 375-4 | M23: 강원특별자치도 삼척시 신기면 강원남부로 3016 | N23: 033-541-1523 | O23: 9675634 | P23: http://place.map.kakao.com/9675634 | Q23: 129.0865 | R23: 37.350927
A24: 강촌레일파크 경강 레일바이크 | B24: 춘천시 | C24: 033-245-1000 | E24: 4 | F24: 23 | G24: 73 | H24: 강촌레일파크 경강 레일바이크 | I24: 여행 > 관광,명소 > 테마파크 | J24: AT4 | K24: 관광명소 | L24: 강원특별자치도 춘천시 남산면 서천리 226-5 | M24: 강원특별자치도 춘천시 남산면 서백길 57 | N24: 033-245-1000 | O24: 26388997 | P24: http://place.map.kakao.com/26388997 | Q24: 127.55096 | R24: 37.842744
A25: 강촌레일파크 김유정레일바이크 | B25: 춘천시 | C25: 033-245-1000 | D25: https://www.railpark.co.kr/ | E25: 3.8 | F25: 145 | G25: 265 | H25: 강촌레일파크 김유정레일바이크 | I25: 여행 > 관광,명소 > 테마파크 | J25: AT4 | K25: 관광명소 | L25: 강원특별자치도 춘천시 신동면 증리 323-2 | M25: 강원특별자치도 춘천시 신동면 김유정로 1383 | N25: 033-245-1000 | O25: 18711877 | P25: http://place.map.kakao.com/18711877 | Q25: 127.71233 | R25: 37.815773
A26: 거례리사랑나무 | B26: 화천군 | C26: 033-442-1211 | E26: 3.9 | F26: 8 | G26: 26 | H26: 거례리사랑나무 | I26: 여행 > 관광,명소 | L26: 강원특별자치도 화천군 하남면 거례리 518-2 | O26: 23690312 | P26: http://place.map.kakao.com/23690312 | Q26: 127.68742 | R26: 38.072712
A27: 건봉사 | B27: 고성군 | C27: 033-682-8100 | D27: https://www.gwgs.go.kr/tour/index.do | E27: 4.6 | F27: 44 | G27: 182 | H27: 건봉사 | I27: 문화,예술 > 종교 > 불교 > 절,사찰 | L27: 강원특별자치도 고성군 거진읍 냉천리 36 | M27: 강원특별자치도 고성군 거진읍 건봉사로 723 | N27: 033-682-8100 | O27: 8171586 | P27: http://place.map.kakao.com/8171586 | Q27: 128.37947 | R27: 38.403158
A28: 경포해변 중앙광장 | B28: 강릉시 | C28: 0507-1320-4901 | D28: https://www.gn.go.kr/tour/prog/lod/Sights/S01/sub02_02_01/view.do?cid=434&orderBy=B&pageIndex=1&searchCondition=sj&searchKeyword=%EA%B2%BD%ED%8F%AC%ED%95%B4%EB%B3%80 | E28: 4.7 | F28: 3 | G28: 4 | H28: 경포해변 중앙광장 | I28: 여행 > 관광,명소 > 광장 | L28: 강원특별자치도 강릉시 강문동 산 1 | O28: 910019105 | P28: http://place.map.kakao.com/910019105 | Q28: 128.9078 | R28: 37.805138
A29: 경포해수욕장 | B29: 강릉시 | C29: 0507-1320-4901 | D29: https://www.gn.go.kr/tour/prog/lod/Sights/S01/sub02_02_01/view.do?cid=434&orderBy=B&pageIndex=1&searchCondition=sj&searchKeyword=%EA%B2%BD%ED%8F%AC%ED%95%B4%EB%B3%80 | E29: 4.4 | F29: 217 | G29: 38 | H29: 경포해수욕장 | I29: 여행 > 관광,명소 > 해수욕장,해변 | J29: AT4 | K29: 관광명소 | L29: 강원특별자치도 강릉시 강문동 산 1 | M29: 강원특별자치도 강릉시 창해로 514 | O29: 8199114 | P29: http://place.map.kakao.com/8199114 | Q29: 128.91021 | R29: 37.803406
A30: 계방산 오토캠핑장 | B30: 평창군 | C30: 033-339-9016 | D30: https://www.camfit.co.kr/camp/61d3a4fa5df366001e3f16a6 | E30: 4.8 | F30: 13 | G30: 54 | H30: 계방산오토캠핑장 | I30: 여행 > 숙박 > 야영,캠핑장 > 오토캠핑장 | J30: AD5 | K30: 숙박 | L30: 강원특별자치도 평창군 용평면 노동리 86 | M30: 강원특별자치도 평창군 용평면 이승복생가길 160 | N30: 033-339-9016 | O30: 12296544 | P30: http://place.map.kakao.com/12296544 | Q30: 128.47937 | R30: 37.700036
A31: 고생대자연사박물관 | B31: 태백시 | C31: 033-581-3003 | D31: https://tour.taebaek.go.kr/tpmuseum | E31: 4.5 | F31: 30 | G31: 141 | H31: 태백고생대자연사박물관 | I31: 문화,예술 > 문화시설 > 박물관 | J31: CT1 | K31: 문화시설 | L31: 강원특별자치도 태백시 동점동 295 | M31: 강원특별자치도 태백시 태백로 2249 | N31: 033-581-8181 | O31: 13266763 | P31: http://place.map.kakao.com/13266763 | Q31: 129.03956 | R31: 37.094919
A32: 고석정 | B32: 철원군 | C32: 033-450-5558 | E32: 4.4 | F32: 179 | G32: 88 | H32: 고석정 | I32: 여행 > 관광,명소 > 문화유적 | L32: 강원특별자치도 철원군 동송읍 장흥리 725-13 | N32: 033-450-5558 | O32: 8176583 | P32: http://place.map.kakao.com/8176583 | Q32: 127.28795 | R32: 38.185262
A33: 고성 서낭바위 | B33: 고성군 | C33: 033-680-3114 | D33: https://blog.naver.com/happy-goseong/222505032066 | E33: 4.5 | F33: 40 | G33: 64 | H33: 서낭바위 | I33: 여행 > 관광,명소 > 바위 | L33: 강원특별자치도 고성군 죽왕면 오호리 산 24-1 | O33: 984257114 | P33: http://place.map.kakao.com/984257114 | Q33: 128.52993 | R33: 38.327507
A34: 고성 하늬라벤더팜 | B34: 고성군 | C34: 033-681-0005 | D34: https://www.lavenderfarm.co.kr/ | E34: 3.3 | F34: 76 | G34: 527 | H34: 하늬라벤더팜 | I34: 서비스,산업 > 농업 > 원예업 | L34: 강원특별자치도 고성군 간성읍 어천리 786-5 | M34: 강원특별자치도 고성군 간성읍 꽃대마을길 175 | N34: 033-681-0005 | O34: 8127461 | P34: http://place.map.kakao.com/8127461 | Q34: 128.41524 | R34: 38.348549
A35: 고성통일전망타워 | B35: 고성군 | C35: 033-682-0088 | D35: http://www.tongiltour.co.kr/ | E35: 4.3 | F35: 247 | G35: 297 | H35: 고성통일전망타워 | I35: 여행 > 관광,명소 > 전망대 | J35: AT4 | K35: 관광명소 | L35: 강원특별자치도 고성군 현내면 명호리 2-23 | M35: 강원특별자치도 고성군 현내면 통일전망대로 457 | N35: 033-682-0088 | O35: 1439312170 | P35: http://place.map.kakao.com/1439312170 | Q35: 128.37489 | R35: 38.586687
A36: 고이승만대통령 별장및정자 | B36: 고성군 | C36: 033-680-3677 | D36: https://www.gwgs.go.kr/tour/index.do | E36: 2.3 | F36: 59 | G36: 1 | H36: 고이승만대통령 별장및정자 | I36: 여행 > 관광,명소 > 문화유적 | L36: 경남 창원시 진해구 현동 71 | O36: 12765222 | P36: http://place.map.kakao.com/12765222 | Q36: 128.63371 | R36: 35.148036
A37: 곡운구곡 | B37: 화천군 | C37: 033-442-1211 | E37: 4.4 | F37: 5 | G37: 8 | H37: 곡운구곡 | I37: 여행 > 관광,명소 > 계곡 | J37: AT4 | K37: 관광명소 | L37: 강원특별자치도 화천군 사내면 용담리 843 | O37: 11641939 | P37: http://place.map.kakao.com/11641939 | Q37: 127.53897 | R37: 38.053195
A38: 곰배령 | B38: 인제군 | C38: 033-463-8166 | E38: 4.5 | F38: 46 | G38: 111 | H38: 곰배령 | I38: 여행 > 관광,명소 > 고개 | L38: 강원특별자치도 인제군 기린면 진동리 | O38: 11529179 | P38: http://place.map.kakao.com/11529179 | Q38: 128.4334 | R38: 38.027598
A39: 공작산생태숲 | B39: 홍천군 | C39: 033-430-2796 | D39: https://www.hongcheon.go.kr/sutasa | H39: 공작산생태숲 | I39: 여행 > 관광,명소 > 숲 | J39: AT4 | K39: 관광명소 | L39: 강원특별자치도 홍천군 영귀미면 덕치리 5-3 | N39: 033-430-2796 | O39: 25049125 | P39: http://place.map.kakao.com/25049125 | Q39: 127.95878 | R39: 37.697666
A40: 구곡폭포 | B40: 춘천시 | C40: 033-261-0088 | D40: http://tour.chuncheon.go.kr/ | E40: 4.2 | F40: 28 | G40: 117 | H40: 구곡폭포 | I40: 여행 > 관광,명소 > 폭포 | L40: 강원특별자치도 춘천시 남산면 강촌리 432 | M40: 강원특별자치도 춘천시 남산면 강촌구곡길 254 | N40: 033-261-0088 | O40: 8235953 | P40: http://place.map.kakao.com/8235953 | Q40: 127.61585 | R40: 37.797033
A41: 구문소 | B41: 태백시 | C41: 033-560-2379 | D41: https://tour.taebaek.go.kr/ | E41: 4.5 | F41: 71 | G41: 119 | H41: 구문소 | I41: 여행 > 관광,명소 > 동굴 | L41: 강원특별자치도 태백시 동점동 498-123 | O41: 8214139 | P41: http://place.map.kakao.com/8214139 | Q41: 129.04233 | R41: 37.092536
A42: 국립가리왕산자연휴양림 | B42: 정선군 | C42: 033-562-5833 | D42: https://www.foresttrip.go.kr/indvz/main.do?hmpgId=0113 | H42: 국립가리왕산자연휴양림 | I42: 여행 > 관광,명소 > 자연휴양림 | J42: AT4 | K42: 관광명소 | L42: 강원특별자치도 정선군 정선읍 회동리 308-1 | M42: 강원특별자치도 정선군 정선읍 가리왕산로 791 | N42: 033-562-5833 | O42: 8713811 | P42: http://place.map.kakao.com/8713811 | Q42: 128.56964 | R42: 37.426731
A43: 국립강원전문과학관 | B43: 원주시 | C43: 033-749-3500 | D43: https://www.gwnsm.or.kr/ | E43: 3.2 | F43: 12 | G43: 176 | H43: 국립강원전문과학관 | I43: 문화,예술 > 문화시설 > 과학관 | J43: CT1 | K43: 문화시설 | L43: 강원특별자치도 원주시 태장동 1191-6 | M43: 강원특별자치도 원주시 북원로 2790 | N43: 033-749-3500 | O43: 581564680 | P43: http://place.map.kakao.com/581564680 | Q43: 127.95339 | R43: 37.391378
A44: 국립미천골자연휴양림 | B44: 양양군 | C44: 033-673-1806 | D44: https://www.foresttrip.go.kr/indvz/main.do?hmpgId=0112 | E44: 4.7 | F44: 32 | G44: 2 | H44: 국립미천골자연휴양림 | I44: 여행 > 관광,명소 > 자연휴양림 | J44: AT4 | K44: 관광명소 | L44: 강원특별자치도 양양군 서면 미천리 산 5 | N44: 033-673-1806 | O44: 7879147 | P44: http://place.map.kakao.com/7879147 | Q44: 128.52806 | R44: 37.939012
A45: 국립백운산자연휴양림 | B45: 원주시 | C45: 033-766-1063 | D45: https://www.foresttrip.go.kr/indvz/main.do?hmpgId=0223 | E45: 3.6 | F45: 19 | G45: 8 | H45: 국립백운산자연휴양림 | I45: 여행 > 관광,명소 > 자연휴양림 | J45: AT4 | K45: 관광명소 | L45: 강원특별자치도 원주시 판부면 서곡리 1742-1 | M45: 강원특별자치도 원주시 판부면 백운산길 81 | N45: 033-766-1063 | O45: 10389516 | P45: http://place.map.kakao.com/10389516 | Q45: 127.94157 | R45: 37.271561
A46: 국립속초등산학교 | B46: 속초시 | C46: 033-632-6653 | D46: https://www.nationalmschool.kr/ | E46: 5 | F46: 3 | G46: 12 | H46: 국립속초등산학교 | I46: 교육,학문 > 교육단체 | L46: 강원특별자치도 속초시 노학동 735-3 | M46: 강원특별자치도 속초시 미시령로 3056 | N46: 033-632-6650 | O46: 25572293 | P46: http://place.map.kakao.com/25572293 | Q46: 128.54164 | R46: 38.202156
A47: 국립춘천박물관 | B47: 춘천시 | C47: 033-260-1500 | D47: https://chuncheon.museum.go.kr/ | E47: 4.6 | F47: 63 | G47: 841 | H47: 국립춘천박물관 | I47: 문화,예술 > 문화시설 > 박물관 | J47: CT1 | K47: 문화시설 | L47: 강원특별자치도 춘천시 석사동 95-3 | M47: 강원특별자치도 춘천시 우석로 70 | N47: 033-260-1500 | O47: 8208782 | P47: http://place.map.kakao.com/8208782 | Q47: 127.75378 | R47: 37.864059
A48: 국립춘천숲체원 | B48: 춘천시 | C48: 0507-1314-9006 | D48: https://ccfowi.modoo.at/ | E48: 4.1 | F48: 9 | G48: 86 | H48: 국립춘천숲체원 | I48: 교육,학문 > 교육단체 | L48: 강원특별자치도 춘천시 신북읍 발산리 산 32-1 | N48: 033-260-5800 | O48: 1158129196 | P48: http://place.map.kakao.com/1158129196 | Q48: 127.77181 | R48: 37.980285
A49: 국립횡성숲체원 | B49: 횡성군 | C49: 033-340-6300 | D49: https://hoengseong.fowi.or.kr/ | E49: 4.5 | F49: 45 | G49: 188 | H49: 국립횡성숲체원 | I49: 여행 > 관광,명소 > 숲 | J49: AT4 | K49: 관광명소 | L49: 강원특별자치도 횡성군 둔내면 삽교리 1767-10 | M49: 강원특별자치도 횡성군 둔내면 청태산로 777 | N49: 033-340-6300 | O49: 24505294 | P49: http://place.map.kakao.com/24505294 | Q49: 128.29146 | R49: 37.536862
A50: 국민의숲 산림트레킹코스 | B50: 평창군 | C50: 033-336-4037 | D50: http://www.daegwallyeongsupgil.kr/ | E50: 4.8 | F50: 4 | G50: 2 | H50: 국민의숲 산림트레킹코스 | I50: 여행 > 관광,명소 > 도보여행 | J50: AT4 | K50: 관광명소 | L50: 강원특별자치도 평창군 대관령면 횡계리 산 48 | O50: 26558806 | P50: http://place.map.kakao.com/26558806 | Q50: 128.74556 | R50: 37.687905
A51: 국토정중앙천문대 | B51: 양구군 | C51: 033-480-7257 | D51: https://www.ygtour.kr/Home/index | E51: 0 | F51: 30 | G51: 41 | H51: 국토정중앙천문대 | I51: 여행 > 관광,명소 > 천문대 | J51: AT4 | K51: 관광명소 | L51: 강원특별자치도 양구군 국토정중앙면 도촌리 98 | M51: 강원특별자치도 양구군 국토정중앙면 국토정중앙로 127 | N51: 033-480-7257 | O51: 10134258 | P51: http://place.map.kakao.com/10134258 | Q51: 128.02967 | R51: 38.068906
A52: 금강산 화암사 | B52: 고성군 | C52: 033-633-1525 | D52: https://www.gwgs.go.kr/tour/index.do | E52: 4.5 | F52: 70 | G52: 400 | H52: 금강산 화암사 | I52: 문화,예술 > 종교 > 불교 > 절,사찰 | L52: 강원특별자치도 고성군 토성면 신평리 772-2 | M52: 강원특별자치도 고성군 토성면 화암사길 100 | N52: 033-633-1525 | O52: 8696982 | P52: http://place.map.kakao.com/8696982 | Q52: 128.47021 | R52: 38.227006
A53: 김삿갓문학관 | B53: 영월군 | C53: 033-375-7900 | D53: https://www.yw.go.kr/tour/index.do#lastPage | E53: 3.4 | F53: 12 | G53: 55 | H53: 난고 김삿갓문학관 | I53: 문화,예술 > 문화시설 > 기념관 | J53: CT1 | K53: 문화시설 | L53: 강원특별자치도 영월군 김삿갓면 와석리 913-1 | M53: 강원특별자치도 영월군 김삿갓면 김삿갓로 216-22 | N53: 033-375-7900 | O53: 10195101 | P53: http://place.map.kakao.com/10195101 | Q53: 128.60176 | R53: 37.079488
A54: 김삿갓유적지 | B54: 영월군 | C54: 033-375-7900 | D54: https://www.yw.go.kr/tour/index.do#lastPage | E54: 4 | F54: 9 | G54: 5 | H54: 김삿갓유적지 | I54: 여행 > 관광,명소 > 문화유적 > 유적지 | L54: 강원특별자치도 영월군 김삿갓면 와석리 897-2 | N54: 033-375-7900 | O54: 8239112 | P54: http://place.map.kakao.com/8239112 | Q54: 128.60206 | R54: 37.083288
A55: 김유정문학촌 | B55: 춘천시 | C55: 033-261-4650 | D55: http://www.kimyoujeong.org/ | E55: 3.9 | F55: 44 | G55: 207 | H55: 김유정문학촌 | I55: 여행 > 체험여행 > 정보화,체험마을 | L55: 강원특별자치도 춘천시 신동면 증리 914-1 | M55: 강원특별자치도 춘천시 신동면 김유정로 1430-14 | N55: 033-261-4650 | O55: 1641336553 | P55: http://place.map.kakao.com/1641336553 | Q55: 127.71774 | R55: 37.818302
A56: 김일성 별장 | B56: 고성군 | C56: 033-680-3677 | D56: https://www.gwgs.go.kr/tour/ | E56: 2.8 | F56: 63 | G56: 108 | H56: 화진포의성 김일성별장 | I56: 문화,예술 > 문화시설 > 전시관 | J56: CT1 | K56: 문화시설 | L56: 강원특별자치도 고성군 거진읍 화포리 606-1 | N56: 033-680-3469 | O56: 8013497 | P56: http://place.map.kakao.com/8013497 | Q56: 128.44363 | R56: 38.474257
A57: 나전역 카페 | B57: 정선군 | C57: 033-563-3646 | D57: https://www.instagram.com/najeoncafe/ | E57: 4.4 | F57: 40 | G57: 309 | H57: 나전역카페 | I57: 음식점 > 카페 > 커피전문점 | J57: CE7 | K57: 카페 | L57: 강원특별자치도 정선군 북평면 북평리 244-5 | M57: 강원특별자치도 정선군 북평면 북평8길 38 | N57: 0503-7150-1283 | O57: 291863218 | P57: http://place.map.kakao.com/291863218 | Q57: 128.66831 | R57: 37.449824
A58: 낙산사 홍련암 | B58: 양양군 | C58: 033-672-2447 | D58: http://www.naksansa.or.kr/web/home.php | E58: 4.7 | F58: 48 | G58: 4 | H58: 낙산사 홍련암 | I58: 문화,예술 > 종교 > 불교 > 절,사찰 | L58: 강원특별자치도 양양군 강현면 전진리 57-2 | M58: 강원특별자치도 양양군 강현면 낙산사로 98-19 | N58: 033-672-2478 | O58: 18059918 | P58: http://place.map.kakao.com/18059918 | Q58: 128.62978 | R58: 38.126617
A59: 남근조각공원 | B59: 삼척시 | C59: 033-572-4429 | D59: https://www.samcheok.go.kr/tour.web | E59: 4 | F59: 7 | G59: 0 | H59: 해신당공원 남근조각공원 | I59: 여행 > 공원 > 도시근린공원 | L59: 강원특별자치도 삼척시 원덕읍 갈남리 307 | M59: 강원특별자치도 삼척시 원덕읍 삼척로 1852-6 | O59: 17807543 | P59: http://place.map.kakao.com/17807543 | Q59: 129.32765 | R59: 37.267369
A60: 남대천 | B60: 양양군 | C60: 033-640-4414 | D60: https://tour.yangyang.go.kr/pub/yy10view.do?mode=v&seq=170 | E60: 5 | F60: 1 | G60: 15 | H60: 남대천 | I60: 여행 > 관광,명소 > 하천 | L60: 강원특별자치도 양양군 양양읍 남문리 362 | O60: 8251908 | P60: http://place.map.kakao.com/8251908 | Q60: 128.62427 | R60: 38.071714
A61: 남애항 | B61: 양양군 | C61: 033-670-2398 | D61: https://tour.yangyang.go.kr/ | E61: 4.5 | F61: 17 | G61: 37 | H61: 남애항 | I61: 교통,수송 > 교통시설 > 항구,포구 | L61: 강원특별자치도 양양군 현남면 남애리 2-8 | O61: 8226156 | P61: http://place.map.kakao.com/8226156 | Q61: 128.78741 | R61: 37.944488
A62: 남이섬 | B62: 춘천시 | C62: 0507-1311-8114 | D62: https://www.namisum.com/ | E62: 3.5 | F62: 413 | G62: 1434 | H62: 남이섬 | I62: 여행 > 관광,명소 > 유원지 | J62: AT4 | K62: 관광명소 | L62: 강원특별자치도 춘천시 남산면 방하리 197 | M62: 강원특별자치도 춘천시 남산면 남이섬길 1 | N62: 031-580-8114 | O62: 11276521 | P62: http://place.map.kakao.com/11276521 | Q62: 127.52523 | R62: 37.79145
A63: 논골담길 | B63: 동해시 | C63: 033-530-2231 | D63: https://www.dh.go.kr/tour/index.htm | E63: 4.4 | F63: 91 | G63: 186 | H63: 논골담길 | I63: 여행 > 관광,명소 | L63: 강원특별자치도 동해시 묵호진동 18 | O63: 25042265 | P63: http://place.map.kakao.com/25042265 | Q63: 129.11648 | R63: 37.552771
A64: 능파대 | B64: 고성군 | C64: 033-249-3881 | D64: https://koreadmz.kr/ | E64: 4.3 | F64: 10 | G64: 0 | H64: 능파대 | I64: 여행 > 관광,명소 | L64: 강원특별자치도 고성군 죽왕면 문암진리 | O64: 24876688 | P64: http://place.map.kakao.com/24876688 | Q64: 128.54986 | R64: 38.296609
A65: 대관령 양떼목장 | B65: 평창군 | C65: 033-335-1966 | E65: 3.9 | F65: 181 | G65: 1265 | H65: 대관령양떼목장 | I65: 서비스,산업 > 축산업 > 농장,목장 | L65: 강원특별자치도 평창군 대관령면 횡계리 14-104 | M65: 강원특별자치도 평창군 대관령면 대관령마루길 483-32 | N65: 033-335-1966 | O65: 10260730 | P65: http://place.map.kakao.com/10260730 | Q65: 128.75297 | R65: 37.689788
A66: 대관령 하늘목장 | B66: 평창군 | C66: 033-332-8061 | D66: http://www.yangtte.co.kr/ | E66: 3.8 | F66: 81 | G66: 30 | H66: 대관령 하늘목장 | I66: 서비스,산업 > 축산업 > 농장,목장 | L66: 강원특별자치도 평창군 대관령면 횡계리 산 1-134 | M66: 강원특별자치도 평창군 대관령면 꽃밭양지길 458-23 | N66: 033-332-8061 | O66: 1926175775 | P66: http://place.map.kakao.com/1926175775 | Q66: 128.73216 | R66: 37.711703
A67: 대관령자연휴양림 | B67: 강릉시 | C67: 033-641-9990 | D67: https://www.foresttrip.go.kr/ | E67: 4.3 | F67: 42 | G67: 5 | H67: 국립대관령자연휴양림 | I67: 여행 > 관광,명소 > 자연휴양림 | J67: AT4 | K67: 관광명소 | L67: 강원특별자치도 강릉시 성산면 어흘리 산 2-1 | M67: 강원특별자치도 강릉시 성산면 삼포암길 133 | N67: 033-641-9990 | O67: 8302996 | P67: http://place.map.kakao.com/8302996 | Q67: 128.78596 | R67: 37.712663
A68: 대암산용늪 | B68: 인제군 | C68: 033-460-2170 | E68: 4.8 | F68: 13 | G68: 36 | H68: 대암산용늪 | I68: 여행 > 관광,명소 > 생태보존,서식지 | L68: 강원특별자치도 인제군 서화면 서흥리 산 170 | O68: 7821105 | P68: http://place.map.kakao.com/7821105 | Q68: 128.12461 | R68: 38.216291
A69: 대진해변 | B69: 동해시 | C69: 033-530-2272 | D69: https://www.dh.go.kr/tour/index.htm | E69: 3 | F69: 6 | G69: 0 | H69: 대진해변 | I69: 여행 > 관광,명소 > 해수욕장,해변 | J69: AT4 | K69: 관광명소 | L69: 강원특별자치도 동해시 망상동 | O69: 7828533 | P69: http://place.map.kakao.com/7828533 | Q69: 129.10972 | R69: 37.581382
A70: 덕봉산 해안생태탐방로 | B70: 삼척시 | C70: 033-570-3845 | D70: https://www.samcheok.go.kr/ | E70: 4.6 | F70: 12 | G70: 103 | H70: 덕봉산 해안생태탐방로 | I70: 여행 > 관광,명소 > 도보여행 | J70: AT4 | K70: 관광명소 | L70: 강원특별자치도 삼척시 근덕면 덕산리 119-5 | O70: 405308632 | P70: http://place.map.kakao.com/405308632 | Q70: 129.23982 | R70: 37.386213
A71: 도째비골스카이밸리 | B71: 동해시 | C71: 033-534-6955 | D71: https://www.dh.go.kr/tour/ | E71: 4.3 | F71: 144 | G71: 472 | H71: 도째비골스카이밸리 | I71: 여행 > 관광,명소 | L71: 강원특별자치도 동해시 묵호진동 2-109 | N71: 033-534-6955 | O71: 1437031172 | P71: http://place.map.kakao.com/1437031172 | Q71: 129.11913 | R71: 37.555255
A72: 동강래프팅 | B72: 영월군 | C72: 033-375-0012 | D72: http://rafting24.co.kr/html/index.html | E72: 4.6 | F72: 31 | G72: 395 | H72: 동강래프팅 | I72: 스포츠,레저 > 수영,수상 > 수상스포츠 | L72: 강원특별자치도 영월군 영월읍 삼옥리 234-6 | M72: 강원특별자치도 영월군 영월읍 동강로 826 | N72: 1544-7569 | O72: 10304718 | P72: http://place.map.kakao.com/10304718 | Q72: 128.51029 | R72: 37.233139
A73: 동강전망자연휴양림 | B73: 정선군 | C73: 033-560-3464 | D73: https://jsimc.or.kr/ | E73: 4.4 | F73: 40 | G73: 58 | H73: 동강전망자연휴양림 | I73: 여행 > 숙박 > 야영,캠핑장 | J73: AD5 | K73: 숙박 | L73: 강원특별자치도 정선군 신동읍 운치리 산 239 | M73: 강원특별자치도 정선군 신동읍 동강로 916-212 | N73: 033-560-3464 | O73: 21426512 | P73: http://place.map.kakao.com/21426512 | Q73: 128.60836 | R73: 37.260834
A74: 동구래 마을 | B74: 화천군 | C74: 033-442-1211 | E74: 0 | F74: 30 | G74: 3 | H74: 동구래마을 | I74: 부동산 > 지명 | L74: 강원특별자치도 화천군 하남면 원천리 | O74: 18848465 | P74: http://place.map.kakao.com/18848465 | Q74: 127.66416 | R74: 38.041386
A75: 동서강정원 연당원 | B75: 영월군 | C75: 1577-0545 | D75: https://www.yw.go.kr/tour/index.do#secondPage | E75: 4.5 | F75: 17 | G75: 123 | H75: 동서강정원 연당원 | I75: 여행 > 관광,명소 | L75: 강원특별자치도 영월군 남면 연당리 865-8 | N75: 033-372-0545 | O75: 1960058011 | P75: http://place.map.kakao.com/1960058011 | Q75: 128.4095 | R75: 37.188468
A76: 동해무릉건강숲 | B76: 동해시 | C76: 033-530-2391 | D76: https://www.dh.go.kr/forest/ | E76: 4.4 | F76: 19 | G76: 24 | H76: 동해무릉건강숲 | I76: 여행 > 숙박 | J76: AD5 | K76: 숙박 | L76: 강원특별자치도 동해시 삼화동 861 | M76: 강원특별자치도 동해시 삼화로 455 | N76: 033-530-2391 | O76: 27299636 | P76: http://place.map.kakao.com/27299636 | Q76: 129.03124 | R76: 37.465114
A77: 동해해암정 | B77: 동해시 | C77: 033-530-2801 | D77: http://www.cha.go.kr/ | E77: 4.3 | F77: 12 | G77: 5 | H77: 동해해암정 | I77: 여행 > 관광,명소 > 문화유적 > 유적지 | L77: 강원특별자치도 동해시 추암동 474-5 | O77: 8400497 | P77: http://place.map.kakao.com/8400497 | Q77: 129.15901 | R77: 37.479159
A78: 동화마을수목원 | B78: 원주시 | C78: 033-746-8511 | D78: https://www.wonju.go.kr/tour/contents.do?key=5718 | E78: 4.4 | F78: 41 | G78: 183 | H78: 동화마을수목원 | I78: 여행 > 관광,명소 > 수목원,식물원 | J78: AT4 | K78: 관광명소 | L78: 강원특별자치도 원주시 문막읍 동화리 산 154-1 | N78: 033-746-8511 | O78: 1099711468 | P78: http://place.map.kakao.com/1099711468 | Q78: 127.8556 | R78: 37.3143
A79: 딴산산 | B79: 화천군 | C79: 033-440-2543 | E79: 4.5 | F79: 11 | G79: 2 | H79: 딴산 | I79: 여행 > 관광,명소 > 산 | J79: AT4 | K79: 관광명소 | L79: 강원특별자치도 화천군 화천읍 대이리 산 1-1 | O79: 27024684 | P79: http://place.map.kakao.com/27024684 | Q79: 127.75924 | R79: 38.122863
A80: 라디오스타박물관 | B80: 영월군 | C80: 033-372-8123 | D80: http://www.radiostar.or.kr/ | E80: 3.9 | F80: 17 | G80: 100 | H80: 라디오스타박물관 | I80: 문화,예술 > 문화시설 > 박물관 | J80: CT1 | K80: 문화시설 | L80: 강원특별자치도 영월군 영월읍 영흥리 893-1 | M80: 강원특별자치도 영월군 영월읍 금강공원길 84-3 | N80: 033-372-8123 | O80: 26274510 | P80: http://place.map.kakao.com/26274510 | Q80: 128.47687 | R80: 37.185247
A81: 로미지안 가든 | B81: 정선군 | C81: 0507-1425-3694 | D81: https://www.romyziangarden.com/ | E81: 0 | F81: 30 | G81: 47 | H81: 로미지안가든 | I81: 여행 > 관광,명소 > 수목원,식물원 | J81: AT4 | K81: 관광명소 | L81: 강원특별자치도 정선군 북평면 나전리 산 119 | M81: 강원특별자치도 정선군 북평면 어래길 20 | N81: 02-3288-3377 | O81: 1571203637 | P81: http://place.map.kakao.com/1571203637 | Q81: 128.64112 | R81: 37.43643
A82: 리버버깅 | B82: 영월군 | C82: 033-372-4702 | D82: https://riverbugging.modoo.at/ | E82: 0 | F82: 0 | G82: 97 | H82: 리버버깅 | I82: 스포츠,레저 > 수영,수상 > 수상스포츠 | L82: 강원특별자치도 인제군 상남면 미산리 213-15 | M82: 강원특별자치도 인제군 상남면 내린천로 1446 | O82: 1908834498 | P82: http://place.map.kakao.com/1908834498 | Q82: 128.33247 | R82: 37.862889
A83: 만해마을 | B83: 인제군 | C83: 033-462-2303 | D83: http://manhae2003.dongguk.edu/ | E83: 3.8 | F83: 18 | G83: 63 | H83: 만해 | I83: 부동산 > 지명 | L83: 경기 안산시 단원구 신길동 | O83: 25227488 | P83: http://place.map.kakao.com/25227488 | Q83: 126.75241 | R83: 37.327288
A84: 망상오토캠핑리조트 | B84: 동해시 | C84: 033-539-3600 | D84: https://www.campingkorea.or.kr/ | E84: 4.7 | F84: 40 | G84: 252 | H84: 망상오토캠핑리조트 | I84: 여행 > 숙박 > 야영,캠핑장 > 오토캠핑장 | J84: AD5 | K84: 숙박 | L84: 강원특별자치도 동해시 망상동 393-39 | M84: 강원특별자치도 동해시 동해대로 6370 | N84: 033-539-3600 | O84: 816303389 | P84: http://place.map.kakao.com/816303389 | Q84: 129.07846 | R84: 37.600422
A85: 망상해변 | B85: 동해시 | C85: 033-530-2800 | D85: http://www.dh.go.kr/tour/mangsang/ | E85: 4.5 | F85: 123 | G85: 12 | H85: 망상해변 | I85: 여행 > 관광,명소 > 해수욕장,해변 | J85: AT4 | K85: 관광명소 | L85: 강원특별자치도 동해시 망상동 393-100 | M85: 강원특별자치도 동해시 동해대로 6270-10 | N85: 033-530-2232 | O85: 11081458 | P85: http://place.map.kakao.com/11081458 | Q85: 129.09047 | R85: 37.593374
A86: 매봉산 바람의 언덕 | B86: 태백시 | C86: 033-550-2081 | D86: https://tour.taebaek.go.kr/tour | E86: 4 | F86: 90 | G86: 75 | H86: 매봉산 바람의언덕 | I86: 여행 > 관광,명소 | L86: 강원특별자치도 태백시 창죽동 9-384 | N86: 033-550-2081 | O86: 19125936 | P86: http://place.map.kakao.com/19125936 | Q86: 128.96443 | R86: 37.215112
A87: 매월대폭포 | B87: 철원군 | C87: 033-450-5114 | E87: 4 | F87: 4 | G87: 3 | H87: 매월대 | I87: 여행 > 관광,명소 > 폭포 | L87: 강원특별자치도 철원군 근남면 잠곡리 | O87: 7869451 | P87: http://place.map.kakao.com/7869451 | Q87: 127.4777 | R87: 38.195265
A88: 명품하늘숲길 | B88: 태백시 | C88: 033-550-2828 | D88: https://tour.taebaek.go.kr/ | E88: 3.5 | F88: 4 | G88: 0 | H88: 명품하늘숲길 | I88: 여행 > 관광,명소 > 테마거리 | J88: AT4 | K88: 관광명소 | L88: 강원특별자치도 태백시 황지동 산 178 | O88: 990096420 | P88: http://place.map.kakao.com/990096420 | Q88: 128.97153 | R88: 37.147549
A89: 무릉계곡힐링캠프장 | B89: 동해시 | C89: 033-539-3700 | D89: https://www.mureungvalley.or.kr/ | E89: 3.8 | F89: 10 | G89: 25 | H89: 무릉계곡힐링캠프장 | I89: 여행 > 숙박 > 야영,캠핑장 | J89: AD5 | K89: 숙박 | L89: 강원특별자치도 동해시 삼화동 858-10 | M89: 강원특별자치도 동해시 삼화로 467 | N89: 033-539-3700 | O89: 11250175 | P89: http://place.map.kakao.com/11250175 | Q89: 129.02729 | R89: 37.464341
A90: 무이예술관 | B90: 평창군 | C90: 033-335-4118 | D90: https://tour.pc.go.kr/Home/index | E90: 3.3 | F90: 15 | G90: 82 | H90: 평창무이예술관 | I90: 문화,예술 > 문화시설 > 전시관 | J90: CT1 | K90: 문화시설 | L90: 강원특별자치도 평창군 봉평면 무이리 58 | M90: 강원특별자치도 평창군 봉평면 사리평길 233 | N90: 033-335-4118 | O90: 8574564 | P90: http://place.map.kakao.com/8574564 | Q90: 128.34887 | R90: 37.615794
A91: 묵호등대 | B91: 동해시 | C91: 033-531-3258 | D91: https://www.dh.go.kr/tour/index.htm | E91: 4.2 | F91: 73 | G91: 7 | H91: 묵호등대전망대 | I91: 여행 > 관광,명소 > 전망대 | J91: AT4 | K91: 관광명소 | L91: 강원특별자치도 동해시 묵호진동 2-215 | M91: 강원특별자치도 동해시 해맞이길 289 | O91: 7880709 | P91: http://place.map.kakao.com/7880709 | Q91: 129.11861 | R91: 37.554501
A92: 문치재전망대 | B92: 정선군 | E92: 4.2 | F92: 10 | G92: 12 | H92: 문치재전망대 | I92: 여행 > 관광,명소 > 전망대 | J92: AT4 | K92: 관광명소 | L92: 강원특별자치도 정선군 화암면 북동리 107-1 | O92: 1294246909 | P92: http://place.map.kakao.com/1294246909 | Q92: 128.79844 | R92: 37.365756
A93: 뮤지엄산 | B93: 원주시 | C93: 0507-1430-9001 | D93: http://www.museumsan.org/ | E93: 3.9 | F93: 271 | G93: 1220 | H93: 뮤지엄산 | I93: 문화,예술 > 문화시설 > 전시관 | J93: CT1 | K93: 문화시설 | L93: 강원특별자치도 원주시 지정면 월송리 999-13 | M93: 강원특별자치도 원주시 지정면 오크밸리2길 260 | N93: 033-730-9000 | O93: 21674777 | P93: http://place.map.kakao.com/21674777 | Q93: 127.82371 | R93: 37.415353
A94: 미로예술 원주중앙시장 | B94: 원주시 | C94: 033-743-2570 | D94: https://www.instagram.com/miroart_market/?igshid=YmMyMTA2M2Y= | E94: 3.9 | F94: 54 | G94: 59 | H94: 미로예술 원주중앙시장 | I94: 가정,생활 > 시장 | L94: 강원특별자치도 원주시 중앙동 276 | M94: 강원특별자치도 원주시 중앙시장길 6 | N94: 033-743-2570 | O94: 27584256 | P94: http://place.map.kakao.com/27584256 | Q94: 127.94947 | R94: 37.349748
A95: 미약골 | B95: 홍천군 | C95: 033-430-4451 | D95: https://www.hongcheon.go.kr/ | E95: 4 | F95: 2 | G95: 7 | H95: 미약골 | I95: 여행 > 관광,명소 > 계곡 | J95: AT4 | K95: 관광명소 | L95: 강원특별자치도 홍천군 서석면 생곡리 | N95: 033-436-8006 | O95: 10404709 | P95: http://place.map.kakao.com/10404709 | Q95: 128.31261 | R95: 37.720003
A96: 미인폭포 | B96: 삼척시 | C96: 033-570-4062 | D96: https://www.samcheok.go.kr/tour/01456/01467/01492.web?amode=view&idx=271& | E96: 4.2 | F96: 97 | G96: 38 | H96: 미인폭포 | I96: 여행 > 관광,명소 > 폭포 | L96: 강원특별자치도 삼척시 도계읍 심포리 | N96: 033-570-4704 | O96: 7881838 | P96: http://place.map.kakao.com/7881838 | Q96: 129.04896 | R96: 37.180109
A97: 미천골자연휴양림 | B97: 양양군 | C97: 033-673-1806 | D97: https://www.foresttrip.go.kr/indvz/main.do?hmpgId=0112 | E97: 4.7 | F97: 32 | G97: 2 | H97: 국립미천골자연휴양림 | I97: 여행 > 관광,명소 > 자연휴양림 | J97: AT4 | K97: 관광명소 | L97: 강원특별자치도 양양군 서면 미천리 산 5 | N97: 033-673-1806 | O97: 7879147 | P97: http://place.map.kakao.com/7879147 | Q97: 128.52806 | R97: 37.939012
A98: 민둥산 | B98: 정선군 | C98: 1544-9053 | D98: https://www.jeongseon.go.kr/tour | E98: 4.6 | F98: 127 | G98: 619 | H98: 민둥산 | I98: 여행 > 관광,명소 > 산 | J98: AT4 | K98: 관광명소 | L98: 강원특별자치도 정선군 남면 무릉리 | O98: 7887114 | P98: http://place.map.kakao.com/7887114 | Q98: 128.77486 | R98: 37.271066
A99: 박경리 문학공원 | B99: 원주시 | C99: 033-762-6843 | D99: https://www.wonju.go.kr/tojipark/index.do | E99: 4.2 | F99: 12 | G99: 132 | H99: 박경리문학공원 | I99: 여행 > 공원 > 도시근린공원 | L99: 강원특별자치도 원주시 단구동 1620-5 | M99: 강원특별자치도 원주시 토지길 1 | N99: 033-762-6843 | O99: 10399968 | P99: http://place.map.kakao.com/10399968 | Q99: 127.95943 | R99: 37.32227
A100: 박수근 미술관 | B100: 양구군 | C100: 0507-1364-7226 | D100: http://www.parksookeun.or.kr/ | E100: 4.3 | F100: 34 | G100: 51 | H100: 박수근미술관 | I100: 문화,예술 > 문화시설 > 미술관 | J100: CT1 | K100: 문화시설 | L100: 강원특별자치도 양구군 양구읍 정림리 131-1 | M100: 강원특별자치도 양구군 양구읍 박수근로 265-15 | N100: 033-480-7228 | O100: 12463854 | P100: http://place.map.kakao.com/12463854 | Q100: 127.98159 | R100: 38.096457
...
